type,ESTIMATE_TYPE,area,year,MGMT_AREA,VESSEL_COUNT,BOAT_DAYS,SOCKEYE_KEPT,COHO_KEPT,PINK_KEPT,CHUM_KEPT,CHINOOK_KEPT,NOTES
Gillnet,POST-SEASON,C,1996,1,,47,161,62,373,856,3,
Gillnet,POST-SEASON,C,1996,2,,154,18,596,274,36047,1,
Gillnet,POST-SEASON,C,1996,3,,5299,508731,25441,182446,98104,5942,
Gillnet,POST-SEASON,C,1996,4,,14324,2480247,49219,411840,107099,19946,
Gillnet,POST-SEASON,C,1996,5,,622,63907,5440,18867,8543,161,
Gillnet,POST-SEASON,C,1996,6,,32,838,120,1381,662,48,
Gillnet,POST-SEASON,C,1996,7,,289,156,680,3376,26364,11,
Gillnet,POST-SEASON,C,1996,8,,1942,21025,10187,46259,211915,6395,
Gillnet,POST-SEASON,C,1996,10,,191,8700,433,513,1310,30,
Gillnet,POST-SEASON,D,1996,11,,34,6487,192,449,91,2,
Gillnet,POST-SEASON,D,1996,12,,670,64078,2687,5099,4755,70,
Gillnet,POST-SEASON,D,1996,13,,172,20381,251,288,1031,251,
Gillnet,POST-SEASON,E,1996,21,,1691,9,348,0,99511,54,
Gillnet,POST-SEASON,E,1996,29,,,704581,265,29,354,4171,
Gillnet,POST-SEASON,C,1997,1,,558,120616,4896,46887,20115,656,
Gillnet,POST-SEASON,C,1997,2,,186,156,380,244,18891,6,
Gillnet,POST-SEASON,C,1997,3,,2767,249759,5453,41401,30841,3273,
Gillnet,POST-SEASON,C,1997,4,,9593,1015155,16395,260105,56500,14618,
Gillnet,POST-SEASON,C,1997,5,,269,16690,1614,6973,5313,140,
Gillnet,POST-SEASON,C,1997,6,,125,4925,814,14259,4451,35,
Gillnet,POST-SEASON,C,1997,7,,266,167,709,1483,20957,3,
Gillnet,POST-SEASON,C,1997,8,,1598,7713,3240,83393,185745,2784,
Gillnet,POST-SEASON,D,1997,11,,666,133273,523,10776,928,155,
Gillnet,POST-SEASON,D,1997,12,,4214,677091,4388,61652,5016,583,
Gillnet,POST-SEASON,D,1997,13,,463,76877,181,4097,301,88,
Gillnet,POST-SEASON,E,1997,16,,7,325,0,15,0,1,
Gillnet,POST-SEASON,E,1997,20,,129,9349,39,448,32,105,
Gillnet,POST-SEASON,E,1997,21,,1945,118,87,112,220361,57,
Gillnet,POST-SEASON,D,1997,23,,697,52241,47,12,12,50,
Gillnet,POST-SEASON,D,1997,25,,333,10,78,0,86733,89,
Gillnet,POST-SEASON,E,1997,29,,,1286945,318,162590,12107,24239,
Gillnet,POST-SEASON,C,1998,1,,11,0,0,680,1412,0,
Gillnet,POST-SEASON,C,1998,2,,166,0,0,493,29999,1,
Gillnet,POST-SEASON,C,1998,3,,1850,131004,3,58152,79629,2483,
Gillnet,POST-SEASON,C,1998,4,,1618,88443,0,15516,17769,3528,
Gillnet,POST-SEASON,C,1998,5,,72,3372,0,1339,1599,28,
Gillnet,POST-SEASON,C,1998,6,,1071,14067,0,53665,230919,242,
Gillnet,POST-SEASON,C,1998,7,,220,25,0,302,28118,0,
Gillnet,POST-SEASON,C,1998,8,,2132,8533,0,42943,299998,4771,
Gillnet,POST-SEASON,D,1998,12,,840,146556,0,11166,72433,52,
Gillnet,POST-SEASON,D,1998,13,,236,14016,0,955,26992,5,
Gillnet,POST-SEASON,D,1998,14,,225,0,0,0,35024,11,
Gillnet,POST-SEASON,E,1998,16,,10,0,0,0,323,0,
Gillnet,POST-SEASON,E,1998,17,,17,0,0,0,333,0,
Gillnet,POST-SEASON,E,1998,18,,20,0,0,0,441,0,
Gillnet,POST-SEASON,E,1998,21,,1688,6,64,0,170799,8,
Gillnet,POST-SEASON,D,1998,23,,702,59356,0,15,8,144,
Gillnet,POST-SEASON,D,1998,25,,324,61,0,0,111583,40,
Gillnet,POST-SEASON,E,1998,29,,,261454,0,481,5667,4807,
Gillnet,POST-SEASON,C,1999,1,,4,5,2,16,1199,0,
Gillnet,POST-SEASON,C,1999,2,,218,13,2135,0,39700,0,
Gillnet,POST-SEASON,C,1999,3,,5214,334106,0,436546,29218,4235,
Gillnet,POST-SEASON,C,1999,4,,236,12,0,0,0,4412,
Gillnet,POST-SEASON,C,1999,6,,527,6288,0,9869,32894,236,
Gillnet,POST-SEASON,C,1999,7,,237,268,143,1110,16503,29,
Gillnet,POST-SEASON,C,1999,8,,2153,2796,0,9828,135968,4077,
Gillnet,POST-SEASON,D,1999,12,,486,27662,3,1116,236,121,
Gillnet,POST-SEASON,D,1999,13,,62,3736,0,169,15,4,
Gillnet,POST-SEASON,E,1999,21,,1999,1,80,44,121678,7,
Gillnet,POST-SEASON,D,1999,23,,827,57196,14,30,16,41,
Gillnet,POST-SEASON,D,1999,25,,598,11,18,21,89681,32,
Gillnet,POST-SEASON,E,1999,29,,189,0,0,18,35969,39,
Gillnet,POST-SEASON,C,2000,1,,5,374,0,251,242,0,
Gillnet,POST-SEASON,C,2000,2,,262,362,1766,13942,64199,4,
Gillnet,POST-SEASON,C,2000,3,,3323,257250,0,219970,26087,3069,
Gillnet,POST-SEASON,C,2000,4,,7168,1261773,2,42606,20519,16564,
Gillnet,POST-SEASON,C,2000,5,,251,19749,0,9347,2660,76,
Gillnet,POST-SEASON,C,2000,6,,175,6728,0,49839,8081,5,
Gillnet,POST-SEASON,C,2000,7,,146,17,457,1009,18416,0,
Gillnet,POST-SEASON,C,2000,8,,883,1963,0,43807,43373,3193,
Gillnet,POST-SEASON,D,2000,12,,1367,120520,157,120146,9297,0,
Gillnet,POST-SEASON,D,2000,13,,334,27117,22,3745,2649,0,
Gillnet,POST-SEASON,D,2000,14,,2,,,,,,CATCH FIGURES OMITTED DUE TO PRIVACY RESTRICTIONS.
Gillnet,POST-SEASON,E,2000,21,,650,0,231,0,7303,6,
Gillnet,POST-SEASON,D,2000,23,,205,16386,1,2,3,19,
Gillnet,POST-SEASON,D,2000,25,,297,28,17,0,19530,0,
Gillnet,POST-SEASON,E,2000,29,,2037,403234,1,30,5791,4465,
Gillnet,POST-SEASON,C,2001,2,,69,0,114,0,8901,1,
Gillnet,POST-SEASON,C,2001,3,,1553,127562,0,43532,11240,3294,
Gillnet,POST-SEASON,C,2001,4,,8192,1438741,0,166376,13941,19342,
Gillnet,POST-SEASON,C,2001,5,,125,10163,0,4782,3472,33,
Gillnet,POST-SEASON,C,2001,6,,389,6750,0,30048,34913,399,
Gillnet,POST-SEASON,C,2001,7,,679,178,134,5783,67158,1445,
Gillnet,POST-SEASON,C,2001,8,,2007,1351,0,97372,251686,4621,
Gillnet,POST-SEASON,D,2001,11,,116,14868,0,1729,630,11,
Gillnet,POST-SEASON,D,2001,12,,916,66811,0,16291,17725,195,
Gillnet,POST-SEASON,D,2001,13,,238,14927,0,1140,5851,20,
Gillnet,POST-SEASON,D,2001,14,,670,0,13,0,52677,3,
Gillnet,POST-SEASON,E,2001,16,,15,0,0,0,7680,0,
Gillnet,POST-SEASON,E,2001,17,,43,0,0,0,1365,0,
Gillnet,POST-SEASON,E,2001,18,,118,0,0,0,17149,0,
Gillnet,POST-SEASON,E,2001,20,,1,,,,,,CATCH FIGURES OMITTED DUE TO PRIVACY RESTRICTIONS.
Gillnet,POST-SEASON,E,2001,21,,404,0,37,1,69904,0,
Gillnet,POST-SEASON,D,2001,23,,279,47307,7,0,4,6,
Gillnet,POST-SEASON,D,2001,25,,351,1,30,2,62247,5,
Gillnet,POST-SEASON,E,2001,29,,326,7326,15,0,32847,58,
Gillnet,POST-SEASON,E,2001,121,,8,0,0,0,1318,0,
Gillnet,POST-SEASON,C,2002,1,,2,,,,,,CATCH FIGURES OMITTED DUE TO PRIVACY RESTRICTIONS.
Gillnet,POST-SEASON,C,2002,2,,135,0,413,593,7443,0,
Gillnet,POST-SEASON,C,2002,3,,4377,654868,0,255773,39942,5100,
Gillnet,POST-SEASON,C,2002,4,,5378,485535,0,119429,12677,8400,
Gillnet,POST-SEASON,C,2002,5,,62,3859,0,777,980,14,
Gillnet,POST-SEASON,C,2002,6,,763,7638,3,22844,126425,84,
Gillnet,POST-SEASON,C,2002,7,,408,39,333,918,75731,7,
Gillnet,POST-SEASON,C,2002,8,,1663,2529,0,30097,267004,4585,
Gillnet,POST-SEASON,D,2002,11,,104,14082,10,4363,1719,24,
Gillnet,POST-SEASON,D,2002,12,,956,172085,89,32488,58742,420,
Gillnet,POST-SEASON,D,2002,13,,214,34171,25,1561,35596,63,
Gillnet,POST-SEASON,D,2002,14,,498,0,4,0,121303,16,
Gillnet,POST-SEASON,E,2002,17,,15,0,0,0,305,0,
Gillnet,POST-SEASON,E,2002,18,,66,0,0,0,7991,0,
Gillnet,POST-SEASON,E,2002,19,,0,0,0,0,0,0,
Gillnet,POST-SEASON,E,2002,21,,375,1,0,0,80738,0,
Gillnet,POST-SEASON,D,2002,23,,980,131661,1082,2,12,237,
Gillnet,POST-SEASON,D,2002,25,,425,1,2,0,124384,1,
Gillnet,POST-SEASON,E,2002,29,,1935,919540,83,40,48825,4450,
Gillnet,POST-SEASON,C,2003,2,,36,0,420,0,4908,0,
Gillnet,POST-SEASON,C,2003,3,,5187,567188,4,678614,64153,5007,
Gillnet,POST-SEASON,C,2003,4,,3679,371575,0,204450,10308,8385,
Gillnet,POST-SEASON,C,2003,5,,39,6404,0,2768,1285,9,
Gillnet,POST-SEASON,C,2003,6,,465,790,0,22233,131452,7,
Gillnet,POST-SEASON,C,2003,7,,565,165,267,734,86004,2,
Gillnet,POST-SEASON,C,2003,8,,2129,5213,0,45862,496918,2794,
Gillnet,POST-SEASON,D,2003,11,,81,8882,0,2271,913,16,
Gillnet,POST-SEASON,D,2003,12,,1522,142203,55,28503,104394,182,
Gillnet,POST-SEASON,D,2003,13,,631,21215,40,2342,108823,30,
Gillnet,POST-SEASON,D,2003,14,,393,0,0,0,52565,9,
Gillnet,POST-SEASON,E,2003,17,,28,0,0,0,3247,0,
Gillnet,POST-SEASON,E,2003,21,,613,0,0,3,185086,0,
Gillnet,POST-SEASON,D,2003,23,,1517,148968,4969,11,3,5257,
Gillnet,POST-SEASON,D,2003,25,,423,0,1397,0,106187,3980,
Gillnet,POST-SEASON,E,2003,29,,1165,214402,18,14389,45345,4702,
Gillnet,POST-SEASON,C,2004,2,,102,0,404,15,20511,1,
Gillnet,POST-SEASON,C,2004,3,,4861,310624,920,240946,82980,6414,
Gillnet,POST-SEASON,C,2004,4,,2622,124729,0,77151,11173,4662,
Gillnet,POST-SEASON,C,2004,5,,115,5351,0,5139,3587,21,
Gillnet,POST-SEASON,C,2004,6,,1022,3485,0,15602,150230,95,
Gillnet,POST-SEASON,C,2004,7,,735,237,3507,984,115103,54,
Gillnet,POST-SEASON,C,2004,8,,2691,3095,11470,15747,538642,5231,
Gillnet,POST-SEASON,D,2004,11,,99,23840,0,3842,567,32,
Gillnet,POST-SEASON,D,2004,12,,1093,120705,8,27621,101183,305,
Gillnet,POST-SEASON,D,2004,13,,666,16307,0,2830,92126,37,
Gillnet,POST-SEASON,D,2004,14,,436,0,0,0,97243,0,
Gillnet,POST-SEASON,D,2004,17,,101,0,0,0,9334,0,
Gillnet,POST-SEASON,D,2004,18,,106,0,0,0,18265,0,
Gillnet,POST-SEASON,E,2004,21,,690,0,4,0,162933,2,
Gillnet,POST-SEASON,D,2004,23,,640,46720,372,0,12790,6856,
Gillnet,POST-SEASON,D,2004,25,,388,0,2514,0,122856,5450,
Gillnet,POST-SEASON,E,2004,29,,1376,274263,18,17,70819,7663,
Gillnet,IN-SEASON,C,2005,1,0,0,0,0,0,0,0,
Gillnet,IN-SEASON,C,2005,2,19,145,0,700,2,"38,867",2,
Gillnet,IN-SEASON,C,2005,3,460,"3,968","131,511","4,008","274,264","66,484","3,345",
Gillnet,IN-SEASON,C,2005,4,115,199,35,0,0,1,"1,760",
Gillnet,IN-SEASON,C,2005,6,196,"1,396",976,"1,363","79,027","146,401",122,
Gillnet,IN-SEASON,C,2005,7,72,276,78,907,"1,244","37,891",4,
Gillnet,IN-SEASON,C,2005,8,290,"2,189","1,089","4,471","24,033","198,623","6,179",
Gillnet,IN-SEASON,D,2005,12,114,750,"28,984",11,"5,655","84,446",11,
Gillnet,IN-SEASON,D,2005,13,73,370,"12,760",0,"3,244","64,153",11,
Gillnet,IN-SEASON,D,2005,14,94,423,0,1,0,"29,741",2,
Gillnet,IN-SEASON,E,2005,16,47,89,"8,136",0,"2,520",293,0,
Gillnet,IN-SEASON,E,2005,17,30,60,0,0,0,"3,797",0,
Gillnet,IN-SEASON,E,2005,21,67,745,0,0,0,"294,054",1,
Gillnet,IN-SEASON,D,2005,23,101,422,"10,609",452,0,"12,328","10,433",
Gillnet,IN-SEASON,D,2005,25,68,622,2,"1,099",0,"109,745","8,179",
Gillnet,IN-SEASON,E,2005,29,155,337,"3,375",0,"1,082","56,898",139,
Gillnet,IN-SEASON,C,2006,1,1,7,,,,,,
Gillnet,IN-SEASON,C,2006,2,20,85,0,"1,055",86,"17,820",0,
Gillnet,IN-SEASON,C,2006,3,434,"3,487","210,859",0,"52,993","48,486","5,019",
Gillnet,IN-SEASON,C,2006,4,491,"6,376","711,818",0,"216,147","5,641","5,120",
Gillnet,IN-SEASON,C,2006,5,24,123,"11,995",0,"11,296","1,896",37,
Gillnet,IN-SEASON,C,2006,6,41,234,277,0,"3,810","45,302",74,
Gillnet,IN-SEASON,C,2006,7,29,60,14,338,652,"10,803",2,
Gillnet,IN-SEASON,C,2006,8,202,"1,624","1,189","2,996","9,696","270,381","5,222",
Gillnet,IN-SEASON,D,2006,11,143,409,"47,920",1,"2,157","1,840",12,
Gillnet,IN-SEASON,D,2006,12,277,"3,131","340,490",3,"19,054","94,900",72,
Gillnet,IN-SEASON,D,2006,13,114,821,"72,814",3,"2,039","54,490",63,
Gillnet,IN-SEASON,D,2006,14,98,549,0,0,0,"80,534",0,
Gillnet,IN-SEASON,E,2006,21,96,"1,009",0,0,0,"229,243",0,
Gillnet,IN-SEASON,D,2006,23,90,333,"5,468",117,0,"18,269","12,978",
Gillnet,IN-SEASON,D,2006,25,66,434,0,"1,259",0,"124,596","4,846",
Gillnet,IN-SEASON,E,2006,29,353,"1,809","782,424",1,250,"163,757","3,452",
Gillnet,IN-SEASON,C,2007,3,389,"2,541","107,144","9,839","97,095","12,542","3,822",
Gillnet,IN-SEASON,C,2007,4,419,"2,621","361,944","5,003","343,029",0,"5,186",
Gillnet,IN-SEASON,C,2007,5,10,17,"2,046",197,"2,468",0,4,
Gillnet,IN-SEASON,C,2007,6,20,77,395,103,"9,365","14,253",151,
Gillnet,IN-SEASON,C,2007,7,19,34,3,0,598,"5,357",0,
Gillnet,IN-SEASON,C,2007,8,202,"1,349",373,0,"7,701","190,867","5,426",
Gillnet,IN-SEASON,D,2007,12,90,498,0,0,21,"27,728",0,
Gillnet,IN-SEASON,D,2007,13,76,492,0,7,1,"59,967",0,
Gillnet,IN-SEASON,D,2007,14,94,449,0,3,0,"25,353",0,
Gillnet,IN-SEASON,E,2007,17,6,14,0,0,0,326,0,
Gillnet,IN-SEASON,E,2007,18,32,65,0,0,0,"6,936",0,
Gillnet,IN-SEASON,E,2007,21,100,540,0,2,0,"180,111",0,
Gillnet,IN-SEASON,D,2007,23,91,405,0,436,0,"7,828","16,739",
Gillnet,IN-SEASON,D,2007,24,5,34,0,0,0,"4,473",0,
Gillnet,IN-SEASON,D,2007,25,89,353,0,623,0,"16,649","6,101",
Gillnet,IN-SEASON,D,2007,27,2,7,,,,,,
Gillnet,IN-SEASON,E,2007,29,215,418,0,0,0,"29,879",88,
Gillnet,IN-SEASON,C,2008,2,2,6,,,,,,
Gillnet,IN-SEASON,C,2008,3,275,893,"36,506",0,"10,392","14,714",443,
Gillnet,IN-SEASON,C,2008,4,345,"3,319","497,320",0,"63,544",0,"5,236",
Gillnet,IN-SEASON,C,2008,5,22,28,"1,794",0,303,0,7,
Gillnet,IN-SEASON,C,2008,6,14,28,62,0,225,"3,042",50,
Gillnet,IN-SEASON,C,2008,8,73,291,258,0,795,"8,546","1,134",
Gillnet,IN-SEASON,D,2008,12,112,691,"3,210",0,"3,431","53,060",0,
Gillnet,IN-SEASON,D,2008,13,94,508,888,0,659,"36,453",0,
Gillnet,IN-SEASON,D,2008,14,78,309,0,0,0,"13,878",0,
Gillnet,IN-SEASON,E,2008,17,23,24,0,0,0,802,0,
Gillnet,IN-SEASON,E,2008,18,50,89,0,0,0,"3,560",0,
Gillnet,IN-SEASON,E,2008,21,90,276,0,4,0,"23,919",0,
Gillnet,IN-SEASON,D,2008,23,85,213,0,900,0,"2,109","4,848",
Gillnet,IN-SEASON,D,2008,24,4,6,0,0,0,483,0,
Gillnet,IN-SEASON,D,2008,25,23,79,0,633,0,"14,810",0,
Gillnet,IN-SEASON,E,2008,29,184,204,0,0,0,"38,000",0,
Gillnet,IN-SEASON,C,2009,2,4,12,0,60,0,"3,550",0,
Gillnet,IN-SEASON,C,2009,3,343,"2,275","103,628",0,"184,679","47,197","1,299",
Gillnet,IN-SEASON,C,2009,4,111,191,132,0,0,0,"2,438",
Gillnet,IN-SEASON,C,2009,6,95,222,"1,086",0,"19,796","29,337",84,
Gillnet,IN-SEASON,C,2009,7,16,18,14,0,203,"1,710",0,
Gillnet,IN-SEASON,C,2009,8,138,694,"1,071",0,"1,253","35,187","4,096",
Gillnet,IN-SEASON,D,2009,12,128,681,0,0,751,"63,083",0,
Gillnet,IN-SEASON,D,2009,13,93,550,0,1,2,"63,542",0,
Gillnet,IN-SEASON,D,2009,14,111,563,0,1,0,"46,609",0,
Gillnet,IN-SEASON,E,2009,17,40,94,0,0,0,"6,731",1,
Gillnet,IN-SEASON,E,2009,18,44,82,0,0,0,"3,731",0,
Gillnet,IN-SEASON,D,2009,23,86,303,"9,213",377,0,8,"3,671",
Gillnet,IN-SEASON,D,2009,25,74,74,0,1,0,0,"3,496",
Gillnet,IN-SEASON,E,2009,29,183,201,1,10,1,"42,115",33,
Gillnet,IN-SEASON,C,2010,2,6,32,0,100,4,"8,602",0,
Gillnet,IN-SEASON,C,2010,3,260,"1,394","65,649",0,"30,150","15,388",694,
Gillnet,IN-SEASON,C,2010,4,244,581,"62,798",0,"15,116",0,"1,061",
Gillnet,IN-SEASON,C,2010,5,17,21,"2,385",0,294,0,0,
Gillnet,IN-SEASON,C,2010,6,8,17,344,0,435,"1,612",21,
Gillnet,IN-SEASON,C,2010,8,59,222,301,0,"1,155","3,932","1,549",
Gillnet,IN-SEASON,D,2010,11,47,211,"44,119",0,"7,994",489,6,
Gillnet,IN-SEASON,D,2010,12,250,"4,244","845,057",31,"93,462","15,610",16,
Gillnet,IN-SEASON,D,2010,13,92,789,"116,507",1,"6,922","5,748",3,
Gillnet,IN-SEASON,D,2010,23,93,952,"240,543",142,4,932,12,
Gillnet,IN-SEASON,D,2010,25,19,78,0,568,0,"13,122","1,735",
Gillnet,IN-SEASON,E,2010,29,308,"2,937","2,120,369",51,57,165,"6,385",
Gillnet,IN-SEASON,C,2011,2,6,18,0,402,0,0,0,
Gillnet,IN-SEASON,C,2011,3,233,"1,018","70,075","1,364","28,978",0,"1,037",
Gillnet,IN-SEASON,C,2011,4,288,"1,595","249,050","2,511","95,742",0,"1,666",
Gillnet,IN-SEASON,C,2011,5,6,11,"1,610",0,"1,181",0,0,
Gillnet,IN-SEASON,C,2011,6,21,92,734,870,"3,631","18,383",3,
Gillnet,IN-SEASON,C,2011,7,85,322,6,"1,547","1,377","81,779",0,
Gillnet,IN-SEASON,C,2011,8,69,441,483,698,"1,998","32,382","5,176",
Gillnet,IN-SEASON,C,2011,10,82,413,"44,731",489,0,0,0,
Gillnet,IN-SEASON,D,2011,11,14,24,"1,823",0,689,62,0,
Gillnet,IN-SEASON,D,2011,12,179,"1,448","75,998",10,"22,100","59,501",6,
Gillnet,IN-SEASON,D,2011,13,88,537,"21,616",0,"4,179","43,831",3,
Gillnet,IN-SEASON,D,2011,14,103,599,0,0,0,"58,318",0,
Gillnet,IN-SEASON,E,2011,21,75,529,0,0,0,"65,469",48,
Gillnet,IN-SEASON,D,2011,23,142,"1,633","232,444",289,19,"6,222","7,965",
Gillnet,IN-SEASON,D,2011,24,3,10,0,4,0,"1,495",0,
Gillnet,IN-SEASON,D,2011,25,58,264,0,689,0,"15,902","13,496",
Gillnet,IN-SEASON,E,2011,29,296,"1,418","159,431",3,"80,842","35,779","5,515",
Gillnet,IN-SEASON,C,2012,3,261,"1,375","113,241",0,"58,528","14,195",466,
Gillnet,IN-SEASON,C,2012,4,330,"1,388","399,892",0,"24,214",0,314,
Gillnet,IN-SEASON,C,2012,5,6,14,"2,730",0,85,0,0,
Gillnet,IN-SEASON,C,2012,6,86,199,0,0,"2,014","14,786",10,
Gillnet,IN-SEASON,C,2012,7,104,242,1,145,105,"54,091",0,
Gillnet,IN-SEASON,C,2012,8,147,868,509,0,349,"137,611","3,807",
Gillnet,IN-SEASON,D,2012,11,0,0,0,0,0,0,0,
Gillnet,IN-SEASON,D,2012,12,103,602,0,3,6,"36,882",0,
Gillnet,IN-SEASON,D,2012,13,85,496,0,0,0,"38,401",0,
Gillnet,IN-SEASON,D,2012,14,94,178,0,2,18,"14,070",0,
Gillnet,IN-SEASON,E,2012,18,75,320,0,0,0,"60,466",0,
Gillnet,IN-SEASON,E,2012,21,68,199,0,178,0,"23,219",0,
Gillnet,IN-SEASON,D,2012,23,176,"1,418","113,464",67,1,"3,558","2,094",
Gillnet,IN-SEASON,D,2012,24,1,6,,,,,,
Gillnet,IN-SEASON,D,2012,25,63,233,0,3,0,11,"8,135",
Gillnet,IN-SEASON,E,2012,29,156,155,0,0,0,"64,427",1,
Gillnet,IN-SEASON,C,2013,3,252,"2,481","138,062","4,456","293,309","11,931","1,129",
Gillnet,IN-SEASON,C,2013,4,82,206,0,0,8,0,997,
Gillnet,IN-SEASON,C,2013,7,117,184,4,721,"1,681","51,323",2,
Gillnet,IN-SEASON,C,2013,8,198,"1,668","2,320",0,"50,387","326,292","5,306",
Gillnet,IN-SEASON,D,2013,12,101,708,0,14,2,"79,713",0,
Gillnet,IN-SEASON,D,2013,13,78,409,0,3,2,"42,866",0,
Gillnet,IN-SEASON,D,2013,14,84,443,0,0,0,"30,873",0,
Gillnet,IN-SEASON,E,2013,17,46,80,0,0,0,"9,993",0,
Gillnet,IN-SEASON,E,2013,21,54,138,0,3,1,"15,730",0,
Gillnet,IN-SEASON,D,2013,23,92,189,"11,390","1,103",0,"1,419",171,
Gillnet,IN-SEASON,D,2013,25,57,122,0,2,0,3,"8,688",
Gillnet,IN-SEASON,E,2013,29,173,173,0,30,1,"94,412",5,
Gillnet,IN-SEASON,C,2014,1,0,0,0,0,0,0,0,
Gillnet,IN-SEASON,C,2014,3,262,"2,069","111,426","1,907","31,943","3,947","2,209",
Gillnet,IN-SEASON,C,2014,4,332,"2,735","363,396","7,932","310,394",0,423,
Gillnet,IN-SEASON,C,2014,5,7,13,848,86,"3,066",0,0,
Gillnet,IN-SEASON,C,2014,7,42,166,38,"1,120",476,"46,834",4,
Gillnet,IN-SEASON,C,2014,8,79,322,650,0,"1,097","27,379","2,234",
Gillnet,IN-SEASON,C,2014,10,20,34,"1,882",61,122,0,0,
Gillnet,IN-SEASON,D,2014,11,52,326,"58,482",9,"9,937","1,459",0,
Gillnet,IN-SEASON,D,2014,12,272,"6,319","866,130",33,"173,190","42,721",0,
Gillnet,IN-SEASON,D,2014,13,106,"1,734","251,514",1,"9,835","34,534",0,
Gillnet,IN-SEASON,D,2014,14,8,13,154,0,0,3,0,
Gillnet,IN-SEASON,E,2014,18,75,333,0,0,0,"28,139",0,
Gillnet,IN-SEASON,D,2014,23,142,"1,833","169,912",558,9,4,668,
Gillnet,IN-SEASON,D,2014,25,19,145,0,0,0,3,"18,418",
Gillnet,IN-SEASON,E,2014,29,314,"3,023","1,626,127",67,69,"63,788","6,513",
Gillnet,IN-SEASON,C,2015,2,1,2,,,,,,
Gillnet,IN-SEASON,C,2015,3,257,"2,659","183,410","10,814","159,088","56,605","1,792",
Gillnet,IN-SEASON,C,2015,4,134,251,"10,698","1,065",949,0,621,
Gillnet,IN-SEASON,C,2015,6,62,373,0,0,"3,603","89,046",21,
Gillnet,IN-SEASON,C,2015,7,153,424,22,162,405,"108,104",2,
Gillnet,IN-SEASON,C,2015,8,171,"1,318","1,811",0,"22,075","293,057","5,328",
Gillnet,IN-SEASON,D,2015,12,135,731,1,6,107,"56,177",0,
Gillnet,IN-SEASON,D,2015,13,86,398,0,1,7,"35,618",0,
Gillnet,IN-SEASON,D,2015,14,88,203,0,0,0,"12,812",0,
Gillnet,IN-SEASON,E,2015,17,74,258,0,0,0,"18,133",0,
Gillnet,IN-SEASON,E,2015,18,81,78,0,0,0,"22,117",0,
Gillnet,IN-SEASON,E,2015,21,79,244,0,0,2,"110,535",0,
Gillnet,IN-SEASON,D,2015,23,135,"1,096","329,505",323,174,10,516,
Gillnet,IN-SEASON,D,2015,25,51,298,0,12,0,"1,446","9,615",
Gillnet,IN-SEASON,E,2015,29,213,407,0,104,2,"123,329",4,
Gillnet,IN-SEASON,C,2016,3,187,886,"19,508","1,867","6,271","9,727",830,
Gillnet,IN-SEASON,C,2016,4,272,"1,206","107,406","10,707","70,633",0,392,
Gillnet,IN-SEASON,C,2016,5,7,6,478,158,"1,152",0,0,
Gillnet,IN-SEASON,C,2016,6,81,218,0,0,"21,953","28,110",40,
Gillnet,IN-SEASON,C,2016,7,122,238,229,224,"1,914","39,722",7,
Gillnet,IN-SEASON,C,2016,8,212,"1,361","5,295",0,"61,949","330,810","3,185",
Gillnet,IN-SEASON,C,2016,10,77,508,"71,400",0,4,15,0,
Gillnet,IN-SEASON,D,2016,12,120,646,0,0,1,"84,589",0,
Gillnet,IN-SEASON,D,2016,13,118,622,0,0,4,"136,156",0,
Gillnet,IN-SEASON,D,2016,14,63,270,0,0,0,"39,084",0,
Gillnet,IN-SEASON,E,2016,17,100,402,0,0,0,"86,254",0,
Gillnet,IN-SEASON,E,2016,18,100,862,0,0,0,"201,494",0,
Gillnet,IN-SEASON,E,2016,21,95,312,0,0,0,"137,591",0,
Gillnet,IN-SEASON,D,2016,23,178,"1,407","161,934",808,0,4,"1,671",
Gillnet,IN-SEASON,D,2016,25,60,255,0,0,0,"13,371","3,451",
Gillnet,IN-SEASON,E,2016,29,201,377,0,180,0,"178,686",3,
Gillnet,IN-SEASON,C,2017,3,203,"1,078","34,940",568,748,"4,208","1,257",
Gillnet,IN-SEASON,C,2017,6,55,237,0,536,"5,549","17,740",121,
Gillnet,IN-SEASON,C,2017,7,21,28,20,0,940,"3,138",6,
Gillnet,IN-SEASON,C,2017,8,210,"1,334",753,0,"43,249","232,910","2,992",
Gillnet,IN-SEASON,D,2017,12,131,727,0,10,2,"59,166",1,
Gillnet,IN-SEASON,D,2017,13,102,474,0,0,1,"37,053",0,
Gillnet,IN-SEASON,D,2017,14,71,122,0,0,0,"16,964",0,
Gillnet,IN-SEASON,E,2017,17,116,745,0,0,0,"88,944",0,
Gillnet,IN-SEASON,E,2017,18,126,"1,119",0,0,0,"91,767",0,
Gillnet,IN-SEASON,E,2017,21,107,248,0,0,0,"36,051",0,
Gillnet,IN-SEASON,D,2017,23,89,378,"9,936",99,0,1,"7,132",
Gillnet,IN-SEASON,D,2017,25,78,384,0,0,0,"12,150","20,202",
Gillnet,IN-SEASON,D,2017,26,4,36,0,0,0,"8,284",0,
Gillnet,IN-SEASON,E,2017,29,183,329,0,68,1,"77,382",0,
Gillnet,IN-SEASON,C,2018,3,140,379,"11,627",93,818,"8,506",0,
Gillnet,IN-SEASON,C,2018,4,126,625,"79,225",0,"10,917",0,0,
Gillnet,IN-SEASON,C,2018,5,2,2,,,,,,
Gillnet,IN-SEASON,C,2018,8,228,"1,370","3,563",0,"4,834","240,268","4,603",
Gillnet,IN-SEASON,D,2018,11,48,232,"23,279",0,"1,128","1,518",0,
Gillnet,IN-SEASON,D,2018,12,256,"3,853","352,733",0,"29,753","15,257",4,
Gillnet,IN-SEASON,D,2018,13,129,"1,276","102,994",0,"3,165","5,922",2,
Gillnet,IN-SEASON,E,2018,17,141,"1,030",0,0,0,"79,077",0,
Gillnet,IN-SEASON,E,2018,18,102,418,0,0,0,"16,727",0,
Gillnet,IN-SEASON,E,2018,19,31,90,0,0,0,"4,841",0,
Gillnet,IN-SEASON,E,2018,21,99,223,0,0,0,"11,467",0,
Gillnet,IN-SEASON,D,2018,23,134,512,"10,543","2,278",16,74,"12,056",
Gillnet,IN-SEASON,D,2018,25,18,96,0,0,0,"7,706","3,307",
Gillnet,IN-SEASON,D,2018,26,4,32,0,0,0,"8,278",0,
Gillnet,IN-SEASON,E,2018,29,290,"1,102","600,942",0,20,2,24,
Gillnet,IN-SEASON,C,2019,3,139,567,"19,785",0,"19,522","4,289",0,
Gillnet,IN-SEASON,C,2019,8,221,855,247,6,621,"86,979","6,092",
Gillnet,IN-SEASON,D,2019,23,139,445,"5,972",178,0,0,"24,811",
Gillnet,IN-SEASON,D,2019,25,89,304,0,0,0,"4,126","14,132",
Gillnet,IN-SEASON,D,2019,26,4,24,0,0,0,"2,717",0,
Gillnet,IN-SEASON,C,2020,4,117,201,"22,807",0,"9,363",0,0,
Gillnet,IN-SEASON,C,2020,8,169,436,199,0,"10,666","12,974","4,130",
Gillnet,IN-SEASON,D,2020,12,114,408,0,100,2,"42,551",0,
Gillnet,IN-SEASON,D,2020,13,71,222,0,0,0,"12,893",0,
Gillnet,IN-SEASON,D,2020,14,10,60,0,0,0,"6,735",0,
Gillnet,IN-SEASON,D,2020,23,117,367,"7,038",0,0,0,"24,919",
Gillnet,IN-SEASON,D,2020,25,79,117,0,0,0,"6,065","9,980",
Gillnet,IN-SEASON,D,2020,26,4,23,0,0,0,"2,977",0,
Gillnet,IN-SEASON,E,2020,17,57,214,0,0,0,"8,110",0,
Gillnet,IN-SEASON,E,2020,29,154,353,0,94,0,"33,339",0,
Gillnet,IN-SEASON,C,2021,8,49,162,0,0,0,425,"1,684",
Gillnet,IN-SEASON,D,2021,23,143,709,"35,777",0,0,0,"15,662",
Gillnet,IN-SEASON,D,2021,25,82,191,0,0,0,"3,327","6,005",
Gillnet,IN-SEASON,D,2021,26,4,24,0,0,0,"2,460",0,
Gillnet,IN-SEASON,C,2022,4,150,"1,785","482,487",0,"100,838",0,0,
Gillnet,IN-SEASON,C,2022,8,32,96,0,0,0,291,396,
Gillnet,IN-SEASON,D,2022,13,17,32,894,0,276,131,0,
Gillnet,IN-SEASON,D,2022,23,131,"1,162","96,396",2,6,1,"16,219",
Gillnet,IN-SEASON,E,2022,17,30,42,0,0,0,67,1,
Gillnet,IN-SEASON,E,2022,19,40,119,0,0,0,"6,082",0,
Gillnet,IN-SEASON,C,2023,3,8,7,393,0,"1,370","1,615",0,
Gillnet,IN-SEASON,C,2023,4,213,"1,768","197,549",0,"123,230",0,0,
Gillnet,IN-SEASON,C,2023,8,26,82,0,0,0,0,517,
Gillnet,IN-SEASON,D,2023,23,109,827,"71,280",16,1,0,"14,454",
Gillnet,IN-SEASON,D,2023,25,6,7,0,0,0,0,"1,178",
Seine,POST-SEASON,A,1996,1,,81,38,625,508354,88,0,
Seine,POST-SEASON,A,1996,2,,71,7,533,20343,86375,2,
Seine,POST-SEASON,A,1996,3,,1258,535657,30836,1323365,134659,2508,
Seine,POST-SEASON,A,1996,4,,1165,946893,14774,1210311,37811,1410,
Seine,POST-SEASON,A,1996,5,,403,187497,4502,268376,12168,616,
Seine,POST-SEASON,A,1996,6,,118,16347,10650,498146,29121,408,
Seine,POST-SEASON,A,1996,7,,93,374,3066,16953,38412,24,
Seine,POST-SEASON,A,1996,8,,152,4903,10923,349933,63939,285,
Seine,POST-SEASON,B,1996,12,,220,24855,2052,40457,39424,117,
Seine,POST-SEASON,B,1996,13,,97,30197,444,8601,35410,6,
Seine,POST-SEASON,B,1996,20,,171,72077,3913,196,400,83,
Seine,POST-SEASON,B,1996,21,,269,0,24,0,292336,0,
Seine,POST-SEASON,A,1997,1,,645,251233,355,324474,27103,30,
Seine,POST-SEASON,A,1997,2,,47,50701,578,8868,32264,6,
Seine,POST-SEASON,A,1997,3,,858,331560,717,537739,87014,1956,
Seine,POST-SEASON,A,1997,4,,278,98406,176,209653,4389,83,
Seine,POST-SEASON,A,1997,5,,24,3473,231,18419,1380,61,
Seine,POST-SEASON,A,1997,6,,47,3674,1961,119185,7468,143,
Seine,POST-SEASON,A,1997,7,,123,1002,3619,25262,34827,101,
Seine,POST-SEASON,A,1997,8,,138,23829,5444,343184,48912,585,
Seine,POST-SEASON,B,1997,12,,1524,2440005,974,1820269,48121,76,
Seine,POST-SEASON,B,1997,13,,750,1312525,27,941153,27628,43,
Seine,POST-SEASON,B,1997,16,,292,149956,0,116230,295,0,
Seine,POST-SEASON,B,1997,20,,509,274670,0,284783,527,0,
Seine,POST-SEASON,B,1997,21,,331,1,0,0,825661,0,
Seine,POST-SEASON,A,1998,1,,19,9545,0,68485,1071,0,
Seine,POST-SEASON,A,1998,2,,190,32,0,625252,74991,0,
Seine,POST-SEASON,A,1998,3,,334,23430,3,416303,169089,95,
Seine,POST-SEASON,A,1998,5,,6,27,0,75,31,0,
Seine,POST-SEASON,A,1998,6,,503,15420,0,524283,194527,207,
Seine,POST-SEASON,A,1998,7,,128,113,991,6712,71730,0,
Seine,POST-SEASON,A,1998,8,,594,13852,0,477591,341421,247,
Seine,POST-SEASON,B,1998,12,,299,265937,0,33280,406046,53,
Seine,POST-SEASON,B,1998,13,,317,167576,0,10971,908369,20,
Seine,POST-SEASON,B,1998,14,,205,0,0,0,679047,0,
Seine,POST-SEASON,B,1998,16,,0,0,0,0,0,0,
Seine,POST-SEASON,B,1998,21,,406,0,0,0,632644,135,
Seine,POST-SEASON,B,1998,25,,5,0,0,0,24000,0,
Seine,POST-SEASON,A,1999,2,,59,0,641,0,184718,4,
Seine,POST-SEASON,A,1999,3,,1713,82126,1,5051892,115041,11,
Seine,POST-SEASON,A,1999,4,,50,4881,0,302855,0,0,
Seine,POST-SEASON,A,1999,5,,11,0,0,15651,0,0,
Seine,POST-SEASON,A,1999,6,,38,1397,0,13243,4230,0,
Seine,POST-SEASON,A,1999,7,,124,4980,458,49559,68254,0,
Seine,POST-SEASON,A,1999,8,,196,3210,0,117337,43983,0,
Seine,POST-SEASON,A,2000,1,,1,,,,,,
Seine,POST-SEASON,A,2000,2,,15,11,7,504242,44236,0,
Seine,POST-SEASON,A,2000,3,,470,114108,0,288101,46203,2,
Seine,POST-SEASON,A,2000,4,,976,683357,0,283638,8320,1,
Seine,POST-SEASON,A,2000,5,,76,11478,0,24802,3152,0,
Seine,POST-SEASON,A,2000,6,,285,10524,0,1500876,7434,0,
Seine,POST-SEASON,A,2000,7,,29,1,1184,1416,16125,0,
Seine,POST-SEASON,A,2000,8,,26,593,0,23207,3679,0,
Seine,POST-SEASON,B,2000,12,,383,141292,284,942277,100794,50,
Seine,POST-SEASON,B,2000,13,,150,122818,0,256386,56665,5,
Seine,POST-SEASON,B,2000,14,,0,0,0,0,0,0,
Seine,POST-SEASON,B,2000,16,,40,16310,0,416,4,0,
Seine,POST-SEASON,A,2001,2,,24,0,22,0,30851,0,
Seine,POST-SEASON,A,2001,3,,388,85385,29,1195609,24337,0,
Seine,POST-SEASON,A,2001,4,,631,501937,76,987253,8201,0,
Seine,POST-SEASON,A,2001,5,,90,8149,0,232162,1999,0,
Seine,POST-SEASON,A,2001,6,,292,11023,30,1631902,21448,0,
Seine,POST-SEASON,A,2001,7,,123,84,2042,238901,82533,0,
Seine,POST-SEASON,A,2001,8,,185,1051,66,706840,52471,0,
Seine,POST-SEASON,B,2001,12,,185,13210,0,700390,91179,36,
Seine,POST-SEASON,B,2001,13,,109,15732,0,262233,69429,19,
Seine,POST-SEASON,B,2001,14,,4,0,0,0,603,0,
Seine,POST-SEASON,B,2001,18,,26,0,0,0,7127,0,
Seine,POST-SEASON,B,2001,20,,119,45924,27,11051,58,59,
Seine,POST-SEASON,B,2001,21,,106,0,0,0,65256,0,
Seine,POST-SEASON,A,2002,2,,38,0,0,42344,96968,0,
Seine,POST-SEASON,A,2002,3,,474,56564,0,2249134,14626,0,
Seine,POST-SEASON,A,2002,4,,358,53830,0,380401,2825,0,
Seine,POST-SEASON,A,2002,5,,114,4877,0,471005,548,0,
Seine,POST-SEASON,A,2002,6,,192,12387,0,492205,76417,0,
Seine,POST-SEASON,A,2002,7,,123,163,923,94518,113411,0,
Seine,POST-SEASON,A,2002,8,,268,3264,0,1003175,118386,0,
Seine,POST-SEASON,B,2002,12,,230,257598,2,59555,162623,0,
Seine,POST-SEASON,B,2002,13,,188,114780,19,11092,314995,0,
Seine,POST-SEASON,B,2002,14,,87,0,0,0,99868,0,
Seine,POST-SEASON,B,2002,18,,56,0,0,0,221969,0,
Seine,POST-SEASON,B,2002,19,,17,0,0,0,25369,0,
Seine,POST-SEASON,B,2002,20,,104,262864,0,227,6,2,
Seine,POST-SEASON,B,2002,21,,207,2,0,1,409754,0,
Seine,POST-SEASON,B,2002,23,,103,237517,0,0,0,1,
Seine,POST-SEASON,B,2002,29,,2,,,,,,
Seine,POST-SEASON,A,2003,2,,2,,,,,,
Seine,POST-SEASON,A,2003,3,,328,77320,6919,1798957,8,0,
Seine,POST-SEASON,A,2003,4,,188,88161,0,1087401,0,0,
Seine,POST-SEASON,A,2003,5,,51,5773,0,303195,0,0,
Seine,POST-SEASON,A,2003,6,,329,47923,0,4398576,253223,0,
Seine,POST-SEASON,A,2003,7,,190,646,2255,69983,179764,6,
Seine,POST-SEASON,A,2003,8,,177,13968,525,571975,192717,7,
Seine,POST-SEASON,B,2003,12,,330,319903,117,611191,250040,25,
Seine,POST-SEASON,B,2003,13,,209,116161,7,275521,361741,1,
Seine,POST-SEASON,B,2003,14,,1,,,,,,
Seine,POST-SEASON,B,2003,20,,17,11210,0,9626,9,0,
Seine,POST-SEASON,B,2003,21,,143,0,0,0,237449,0,
Seine,POST-SEASON,B,2003,23,,102,209785,0,0,0,0,
Seine,POST-SEASON,A,2004,2,,35,0,63,44644,42647,0,
Seine,POST-SEASON,A,2004,3,,671,171982,21577,1073213,11386,9,
Seine,POST-SEASON,A,2004,4,,134,23692,2,95105,0,0,
Seine,POST-SEASON,A,2004,5,,45,2431,0,153152,0,0,
Seine,POST-SEASON,A,2004,6,,37,2263,0,51280,14832,0,
Seine,POST-SEASON,A,2004,7,,295,2068,16153,120947,231107,13,
Seine,POST-SEASON,A,2004,8,,356,1887,24742,312691,347806,10,
Seine,POST-SEASON,B,2004,12,,335,434479,9,48060,414976,69,
Seine,POST-SEASON,B,2004,13,,176,73654,8,7682,433549,4,
Seine,POST-SEASON,B,2004,14,,61,0,0,0,25917,0,
Seine,POST-SEASON,B,2004,18,,1,,,,,,
Seine,POST-SEASON,B,2004,20,,20,11637,1,72,0,0,
Seine,POST-SEASON,B,2004,21,,36,0,0,0,66941,0,
Seine,POST-SEASON,B,2004,23,,17,48041,0,0,1,0,
Seine,POST-SEASON,B,2004,29,,1,,,,,,
Seine,IN-SEASON,A,2005,2,8,16,0,0,0,"65,700",0,
Seine,IN-SEASON,A,2005,3,53,436,"49,728","43,744","2,225,237","7,167",0,
Seine,IN-SEASON,A,2005,5,12,31,0,0,"191,219",0,0,
Seine,IN-SEASON,A,2005,6,84,589,"21,577","35,949","4,510,843","86,759",0,
Seine,IN-SEASON,A,2005,7,17,32,0,801,"26,484","31,071",0,
Seine,IN-SEASON,A,2005,8,43,222,0,"8,965","583,141","74,369",0,
Seine,IN-SEASON,B,2005,12,79,140,"22,047",72,"42,068","207,367",0,
Seine,IN-SEASON,B,2005,13,103,231,"34,082",82,"51,743","411,934",4,
Seine,IN-SEASON,B,2005,14,1,3,,,,,,
Seine,IN-SEASON,B,2005,21,60,207,0,9,1,"385,487",0,
Seine,IN-SEASON,B,2005,23,6,10,0,"2,348",0,0,"4,751",
Seine,IN-SEASON,A,2006,2,5,10,0,0,"35,000","19,600",0,
Seine,IN-SEASON,A,2006,3,46,236,"43,837",0,"137,836","49,991",0,
Seine,IN-SEASON,A,2006,4,74,682,"263,018",0,"155,288",0,0,
Seine,IN-SEASON,A,2006,5,5,5,367,0,"9,187",0,0,
Seine,IN-SEASON,A,2006,6,6,7,653,0,"5,974",980,0,
Seine,IN-SEASON,A,2006,7,8,17,0,0,"5,638","12,348",0,
Seine,IN-SEASON,A,2006,8,36,152,0,"1,648","48,442","86,944",0,
Seine,IN-SEASON,B,2006,12,126,322,"1,101,639",0,"9,344","310,331",11,
Seine,IN-SEASON,B,2006,13,104,228,"467,877",0,"8,193","356,519",0,
Seine,IN-SEASON,B,2006,14,15,40,0,0,0,"3,386",0,
Seine,IN-SEASON,B,2006,20,10,0,0,0,0,0,0,
Seine,IN-SEASON,B,2006,21,64,148,0,0,0,"223,927",0,
Seine,IN-SEASON,B,2006,23,4,10,0,807,0,56,"2,131",
Seine,IN-SEASON,A,2007,3,77,717,"117,183","34,868","2,919,472","11,974",0,
Seine,IN-SEASON,A,2007,4,45,136,"37,558","6,884","459,349",0,0,
Seine,IN-SEASON,A,2007,5,34,126,"5,160","4,937","646,654",0,0,
Seine,IN-SEASON,A,2007,6,68,266,"8,173","18,804","1,760,144",0,0,
Seine,IN-SEASON,A,2007,7,4,9,0,0,"6,414","1,448",0,
Seine,IN-SEASON,A,2007,8,28,118,0,0,"210,529","60,408",0,
Seine,IN-SEASON,B,2007,12,56,77,0,0,12,"41,905",0,
Seine,IN-SEASON,B,2007,13,86,217,56,4,"40,664","311,314",2,
Seine,IN-SEASON,B,2007,14,2,4,,,,,,
Seine,IN-SEASON,B,2007,23,7,18,0,"3,755",0,0,"4,041",
Seine,IN-SEASON,A,2008,2,3,8,0,8,0,"2,000",0,
Seine,IN-SEASON,A,2008,3,31,61,"5,173",0,"11,180",0,0,
Seine,IN-SEASON,A,2008,4,43,275,"195,938",0,"91,767",0,0,
Seine,IN-SEASON,A,2008,5,13,15,572,0,237,0,0,
Seine,IN-SEASON,A,2008,6,6,7,435,0,751,0,0,
Seine,IN-SEASON,A,2008,8,5,9,0,0,"5,231","1,218",0,
Seine,IN-SEASON,B,2008,12,45,81,"1,039",2,"3,367","55,896",0,
Seine,IN-SEASON,B,2008,13,71,177,0,4,25,"132,346",0,
Seine,IN-SEASON,B,2008,18,0,1,,,,,,
Seine,IN-SEASON,B,2008,20,6,12,"11,335",0,37,0,0,
Seine,IN-SEASON,B,2008,21,6,12,0,0,0,"18,796",0,
Seine,IN-SEASON,B,2008,23,3,10,0,"3,437",0,0,"3,409",
Seine,IN-SEASON,A,2009,2,1,9,,,,,,
Seine,IN-SEASON,A,2009,3,45,177,"13,532","1,951","880,233",0,0,
Seine,IN-SEASON,A,2009,4,21,49,0,0,"341,403",0,0,
Seine,IN-SEASON,A,2009,5,9,23,0,0,"131,704",0,0,
Seine,IN-SEASON,A,2009,6,61,639,"49,509","15,914","6,636,072",350,0,
Seine,IN-SEASON,A,2009,7,1,1,,,,,,
Seine,IN-SEASON,A,2009,8,14,31,0,0,"125,607","7,188",0,
Seine,IN-SEASON,B,2009,12,72,241,13,7,"1,022,056","107,717",0,
Seine,IN-SEASON,B,2009,13,84,166,0,0,"267,471","210,593",0,
Seine,IN-SEASON,B,2009,14,3,4,0,0,0,"2,030",0,
Seine,IN-SEASON,B,2009,23,6,11,"15,039",531,0,0,"2,598",
Seine,IN-SEASON,B,2009,29,5,20,0,0,"88,177",0,0,
Seine,IN-SEASON,A,2010,1,5,10,0,0,"188,000",0,0,
Seine,IN-SEASON,A,2010,2,7,15,0,0,"265,000",0,0,
Seine,IN-SEASON,A,2010,3,16,26,"2,660",0,"26,976",0,0,
Seine,IN-SEASON,A,2010,5,2,2,,,,,,
Seine,IN-SEASON,A,2010,6,12,13,"2,348",0,"21,364",0,0,
Seine,IN-SEASON,A,2010,7,5,6,0,362,0,"9,200",0,
Seine,IN-SEASON,A,2010,8,3,3,0,0,207,49,0,
Seine,IN-SEASON,B,2010,12,84,371,"2,310,898",282,"68,295","19,354",33,
Seine,IN-SEASON,B,2010,13,81,349,"2,217,593",221,"15,887","19,551",51,
Seine,IN-SEASON,B,2010,20,11,40,"129,793",5,158,2,0,
Seine,IN-SEASON,B,2010,23,46,120,"495,495",52,0,0,0,
Seine,IN-SEASON,B,2010,29,62,100,"1,148,724",14,59,39,3,
Seine,IN-SEASON,A,2011,3,56,164,"60,422","2,976","289,907",0,0,
Seine,IN-SEASON,A,2011,4,46,136,"60,843","3,910","97,970",0,0,
Seine,IN-SEASON,A,2011,6,57,179,"27,378","10,886","708,209",0,6,
Seine,IN-SEASON,A,2011,7,20,67,0,"1,182","11,139","219,495",0,
Seine,IN-SEASON,A,2011,8,4,4,0,0,"1,236","1,081",0,
Seine,IN-SEASON,B,2011,12,99,815,"95,865",475,"3,641,735","301,758",40,
Seine,IN-SEASON,B,2011,13,52,127,"1,158",20,"81,167","239,907",0,
Seine,IN-SEASON,B,2011,14,46,172,0,0,0,"393,810",0,
Seine,IN-SEASON,B,2011,18,0,0,0,0,0,0,0,
Seine,IN-SEASON,B,2011,21,27,67,0,2,0,"211,968",0,
Seine,IN-SEASON,B,2011,23,37,112,"192,333",1,1,0,0,
Seine,IN-SEASON,B,2011,29,34,138,827,292,"716,227",280,63,
Seine,IN-SEASON,A,2012,2,12,20,0,0,"237,000",0,0,
Seine,IN-SEASON,A,2012,3,33,165,"5,366",0,"339,239","25,993",0,
Seine,IN-SEASON,A,2012,4,34,118,"123,340",0,"10,251",0,0,
Seine,IN-SEASON,A,2012,7,31,85,0,350,"22,785","111,938",0,
Seine,IN-SEASON,A,2012,8,20,47,0,0,"18,092","22,599",0,
Seine,IN-SEASON,B,2012,12,40,60,0,0,82,"103,943",0,
Seine,IN-SEASON,B,2012,13,71,177,3,0,92,"184,551",0,
Seine,IN-SEASON,B,2012,14,1,1,,,,,,
Seine,IN-SEASON,B,2012,18,42,102,0,0,0,"91,103",0,
Seine,IN-SEASON,B,2012,21,6,20,0,0,0,97,0,
Seine,IN-SEASON,B,2012,23,30,136,"80,971",12,0,0,1,
Seine,IN-SEASON,B,2012,29,3,3,0,0,0,104,0,
Seine,IN-SEASON,A,2013,3,47,273,"6,927","16,566","2,233,089","41,991",0,
Seine,IN-SEASON,A,2013,6,55,519,"5,887","23,345","6,293,837",0,0,
Seine,IN-SEASON,A,2013,7,37,44,0,433,"30,481","134,618",0,
Seine,IN-SEASON,A,2013,8,22,71,0,0,"439,315","35,387",0,
Seine,IN-SEASON,B,2013,12,68,259,831,"1,138","747,071","177,182",31,
Seine,IN-SEASON,B,2013,13,65,173,55,"1,026","81,422","254,868",4,
Seine,IN-SEASON,B,2013,14,2,0,,,,,,
Seine,IN-SEASON,B,2013,18,1,1,,,,,,
Seine,IN-SEASON,B,2013,23,4,17,"9,128",0,0,0,0,
Seine,IN-SEASON,B,2013,28,7,6,0,0,"282,400",0,0,
Seine,IN-SEASON,B,2013,29,56,174,"1,233",428,"1,451,421","7,478",75,
Seine,IN-SEASON,A,2014,1,6,15,0,0,"606,300",0,0,
Seine,IN-SEASON,A,2014,3,38,219,"33,071","9,675","861,855","27,272",0,
Seine,IN-SEASON,A,2014,4,48,198,"118,056","6,938","473,782",0,0,
Seine,IN-SEASON,A,2014,5,7,7,0,192,"83,146",0,0,
Seine,IN-SEASON,A,2014,6,43,148,"21,513","4,577","1,117,211",0,0,
Seine,IN-SEASON,A,2014,7,25,69,0,"6,017","84,029","154,992",0,
Seine,IN-SEASON,A,2014,8,2,3,,,,,,
Seine,IN-SEASON,B,2014,12,79,541,"2,320,056",984,"288,803","53,523",157,
Seine,IN-SEASON,B,2014,13,76,373,"1,180,913",773,"41,512","185,211",154,
Seine,IN-SEASON,B,2014,16,18,25,"26,166",0,50,112,0,
Seine,IN-SEASON,B,2014,23,36,229,"243,190",49,0,0,0,
Seine,IN-SEASON,B,2014,29,81,192,"1,285,177",30,15,317,20,
Seine,IN-SEASON,A,2015,2,7,11,0,0,0,"58,251",0,
Seine,IN-SEASON,A,2015,3,36,188,"22,049","7,640","181,218","109,886",0,
Seine,IN-SEASON,A,2015,4,16,15,"2,539",663,816,0,0,
Seine,IN-SEASON,A,2015,6,20,33,0,0,"7,872","21,169",0,
Seine,IN-SEASON,A,2015,7,58,165,0,802,"40,081","286,805",0,
Seine,IN-SEASON,A,2015,8,49,238,0,0,"685,529","186,857",0,
Seine,IN-SEASON,B,2015,12,65,92,6,369,100,"191,294",4,
Seine,IN-SEASON,B,2015,13,47,66,4,207,45,"161,208",0,
Seine,IN-SEASON,B,2015,16,10,25,0,0,"95,198",0,0,
Seine,IN-SEASON,B,2015,17,6,6,0,0,0,176,0,
Seine,IN-SEASON,B,2015,18,38,37,0,0,0,"182,857",0,
Seine,IN-SEASON,B,2015,19,0,0,0,0,0,0,0,
Seine,IN-SEASON,B,2015,21,14,48,0,0,0,"58,580",0,
Seine,IN-SEASON,B,2015,23,52,139,"536,003",0,1,0,0,
Seine,IN-SEASON,B,2015,28,4,6,0,0,"100,051",0,0,
Seine,IN-SEASON,B,2015,29,18,18,0,0,0,"3,706",0,
Seine,IN-SEASON,A,2016,3,47,291,495,"19,778","892,858","59,399",0,
Seine,IN-SEASON,A,2016,4,21,29,"23,548","5,229","15,264",0,0,
Seine,IN-SEASON,A,2016,6,44,129,0,0,"584,657",0,0,
Seine,IN-SEASON,A,2016,7,32,46,0,0,"13,405","22,383",0,
Seine,IN-SEASON,A,2016,8,40,90,0,0,"48,150","82,338",0,
Seine,IN-SEASON,B,2016,12,47,90,0,97,1,"276,636",0,
Seine,IN-SEASON,B,2016,13,66,155,1,79,13,"771,087",0,
Seine,IN-SEASON,B,2016,14,60,160,0,0,0,"231,670",0,
Seine,IN-SEASON,B,2016,17,36,74,0,0,0,"61,600",0,
Seine,IN-SEASON,B,2016,18,55,127,0,0,0,"90,850",0,
Seine,IN-SEASON,B,2016,21,37,99,0,0,0,"269,042",0,
Seine,IN-SEASON,B,2016,23,39,233,"228,329",0,2,0,0,
Seine,IN-SEASON,B,2016,29,9,9,0,0,0,472,0,
Seine,IN-SEASON,A,2017,3,31,249,0,"12,284","703,702","55,288",0,
Seine,IN-SEASON,A,2017,6,10,22,0,0,"113,347",0,0,
Seine,IN-SEASON,A,2017,7,0,0,0,0,0,0,0,
Seine,IN-SEASON,A,2017,8,53,175,0,0,"700,726","80,453",0,
Seine,IN-SEASON,B,2017,12,51,60,0,125,622,"84,607",0,
Seine,IN-SEASON,B,2017,13,80,115,2,166,60,"203,504",0,
Seine,IN-SEASON,B,2017,17,39,119,0,0,0,"35,522",0,
Seine,IN-SEASON,B,2017,18,45,169,0,0,0,"76,324",0,
Seine,IN-SEASON,B,2017,23,8,31,"16,461",684,0,0,"3,152",
Seine,IN-SEASON,A,2018,3,28,111,159,635,"101,267","38,368",0,
Seine,IN-SEASON,A,2018,4,15,52,"24,370",0,"5,940",0,0,
Seine,IN-SEASON,A,2018,8,52,222,0,0,"43,650","212,171",0,
Seine,IN-SEASON,B,2018,12,83,507,"1,121,448",631,"48,074","29,160",228,
Seine,IN-SEASON,B,2018,13,46,129,"158,028",74,"8,297","21,892",16,
Seine,IN-SEASON,B,2018,17,28,51,0,0,0,"9,576",0,
Seine,IN-SEASON,B,2018,18,15,29,0,0,0,"7,531",0,
Seine,IN-SEASON,B,2018,19,2,1,,,,,,
Seine,IN-SEASON,B,2018,23,7,21,"6,075","1,775",0,0,"6,403",
Seine,IN-SEASON,B,2018,29,42,44,"627,503",108,17,601,15,
Seine,IN-SEASON,A,2019,3,26,58,321,0,"36,645","16,756",0,
Seine,IN-SEASON,A,2019,8,40,54,0,0,"8,586","59,055",0,
Seine,IN-SEASON,B,2019,23,8,37,0,"2,744",0,0,"6,562",
Seine,IN-SEASON,B,2019,29,2,4,,,,,,
Seine,IN-SEASON,A,2020,1,10,35,0,0,"183,297",0,0,
Seine,IN-SEASON,A,2020,3,12,13,0,0,"1,816","1,751",0,
Seine,IN-SEASON,A,2020,6,40,258,0,0,"1,563,002",0,0,
Seine,IN-SEASON,A,2020,8,3,3,0,0,"10,820",181,0,
Seine,IN-SEASON,B,2020,12,12,16,0,0,0,"4,741",0,
Seine,IN-SEASON,B,2020,13,62,116,0,2,950,"76,019",0,
Seine,IN-SEASON,B,2020,17,20,27,0,0,0,"2,256",0,
Seine,IN-SEASON,B,2020,23,7,25,0,0,0,0,"7,984",
Seine,IN-SEASON,A,2021,3,23,72,0,0,"159,017","13,925",0,
Seine,IN-SEASON,B,2021,23,14,36,"35,293",52,0,0,"9,970",
Seine,IN-SEASON,B,2021,29,6,13,0,0,"19,404",0,0,
Seine,IN-SEASON,A,2022,3,14,32,"2,347",0,"109,654","19,616",0,
Seine,IN-SEASON,A,2022,4,17,154,"230,025",0,"377,434",0,0,
Seine,IN-SEASON,B,2022,12,23,23,0,0,1,"13,621",0,
Seine,IN-SEASON,B,2022,13,30,30,0,1,18,"44,433",0,
Seine,IN-SEASON,B,2022,17,1,0,,,,,,
Seine,IN-SEASON,B,2022,19,1,1,,,,,,
Seine,IN-SEASON,B,2022,23,20,136,"108,066",64,0,0,"11,676",
Seine,IN-SEASON,B,2022,29,30,71,"213,163",87,44,16,72,
Seine,IN-SEASON,A,2023,3,16,58,"11,599",0,"260,732","50,044",0,
Seine,IN-SEASON,A,2023,4,21,97,"58,556",0,"313,237",0,0,
Seine,IN-SEASON,A,2023,6,11,11,0,0,"59,320",0,0,
Seine,IN-SEASON,B,2023,12,0,0,0,0,0,0,0,
Seine,IN-SEASON,B,2023,13,3,5,6,0,"17,210",1,0,
Seine,IN-SEASON,B,2023,23,17,80,"102,700",22,0,0,"11,688",
Seine,IN-SEASON,B,2023,29,11,58,197,57,"502,017",0,7,
Troll,POST-SEASON,H,1996,12,,54,3304,0,1377,5,0,
Troll,POST-SEASON,H,1996,13,,167,27138,0,7308,39,0,
Troll,POST-SEASON,H,1996,16,,5,225,0,0,0,0,
Troll,POST-SEASON,H,1996,18,,92,5094,3,3,0,0,
Troll,POST-SEASON,G,1996,20,,0,0,0,0,0,0,
Troll,POST-SEASON,H,1996,20,,4,0,720,0,0,0,
Troll,POST-SEASON,G,1996,21,,870,103,66701,60,327,0,
Troll,POST-SEASON,G,1996,23,,5294,440,376605,433,522,0,
Troll,POST-SEASON,G,1996,24,,2161,68,111998,276,1937,0,
Troll,POST-SEASON,G,1996,25,,992,14,51931,167,259,0,
Troll,POST-SEASON,G,1996,26,,1582,72,85664,454,575,4,
Troll,POST-SEASON,G,1996,27,,2000,112,99906,12852,972,0,
Troll,POST-SEASON,F,1996,101,,5655,18650,250909,710615,22445,8,
Troll,POST-SEASON,F,1996,102,,407,401,16634,5843,408,0,
Troll,POST-SEASON,F,1996,104,,507,3167,26227,28500,1458,0,
Troll,POST-SEASON,F,1996,105,,913,398,27979,11916,544,0,
Troll,POST-SEASON,F,1996,106,,262,163,9053,7083,816,0,
Troll,POST-SEASON,F,1996,107,,37,0,279,26,10,0,
Troll,POST-SEASON,F,1996,108,,53,3,1078,6269,67,0,
Troll,POST-SEASON,F,1996,142,,42,0,977,11,1031,0,
Troll,POST-SEASON,G,1997,11,,5,8048,0,4728,10,0,
Troll,POST-SEASON,G,1997,12,,374,1074593,437,464892,1676,174,
Troll,POST-SEASON,H,1997,12,,713,558680,732,181522,1012,1072,
Troll,POST-SEASON,H,1997,13,,447,161365,13,61062,691,645,
Troll,POST-SEASON,H,1997,16,,20,445,0,182,0,6,
Troll,POST-SEASON,H,1997,18,,80,2872,0,4020,2,78,
Troll,POST-SEASON,G,1997,21,,1,,,,,,
Troll,POST-SEASON,G,1997,23,,255,5208,3,6008,22,25515,
Troll,POST-SEASON,G,1997,24,,69,1072,0,3458,19,1201,
Troll,POST-SEASON,G,1997,25,,42,872,0,1955,4,3073,
Troll,POST-SEASON,G,1997,26,,120,499,0,553,38,14495,
Troll,POST-SEASON,G,1997,27,,151,1522,38,2188,184,8351,
Troll,POST-SEASON,H,1997,29,,,10324,0,3591,3,77,
Troll,POST-SEASON,F,1997,101,,7872,121065,123332,263764,35229,54610,
Troll,POST-SEASON,F,1997,102,,898,4101,10838,2220,471,13878,
Troll,POST-SEASON,F,1997,104,,258,2621,12860,17345,1071,1472,
Troll,POST-SEASON,F,1997,105,,346,230,4140,2579,2479,3343,
Troll,POST-SEASON,F,1997,106,,339,1028,4269,2219,211,5616,
Troll,POST-SEASON,F,1997,107,,239,749,2724,836,150,3610,
Troll,POST-SEASON,F,1997,108,,17,6,178,198,5,48,
Troll,POST-SEASON,F,1997,142,,1186,117887,9334,36981,3441,11081,
Troll,POST-SEASON,G,1998,11,,84,8106,0,940,55,146,
Troll,POST-SEASON,G,1998,12,,1791,190006,0,15939,613,1759,
Troll,POST-SEASON,H,1998,12,,391,66986,0,7131,17323,254,
Troll,POST-SEASON,H,1998,13,,807,41589,0,11323,98306,345,
Troll,POST-SEASON,H,1998,14,,22,0,0,0,627,0,
Troll,POST-SEASON,H,1998,18,,1,,,,,,
Troll,POST-SEASON,G,1998,23,,227,9003,0,0,0,5,
Troll,POST-SEASON,H,1998,29,,,16853,0,128,4,43,
Troll,POST-SEASON,F,1998,101,,80,0,0,0,73,908,
Troll,POST-SEASON,F,1998,102,,15,0,0,198,0,200,
Troll,POST-SEASON,F,1998,106,,165,0,0,3352,229,1689,
Troll,POST-SEASON,F,1998,107,,80,0,0,395,102,331,
Troll,POST-SEASON,F,1998,108,,30,0,0,94,8,168,
Troll,POST-SEASON,G,1998,123,,148,0,0,0,17,6475,
Troll,POST-SEASON,G,1998,124,,40,0,0,0,7,1366,
Troll,POST-SEASON,G,1998,125,,46,0,0,0,97,1377,
Troll,POST-SEASON,G,1998,126,,59,0,0,0,57,1920,
Troll,POST-SEASON,G,1998,127,,19,0,0,0,14,253,
Troll,POST-SEASON,F,1998,142,,5712,82315,0,26279,9305,116038,
Troll,POST-SEASON,H,1999,12,,134,10607,0,1378,16,243,
Troll,POST-SEASON,H,1999,13,,69,1900,0,1029,7,70,
Troll,POST-SEASON,G,1999,23,,456,9477,0,3,0,302,
Troll,POST-SEASON,G,1999,24,,19,0,0,0,48,1005,
Troll,POST-SEASON,H,1999,29,,12,0,0,0,102,1,
Troll,POST-SEASON,F,1999,101,,41,0,864,31013,556,0,
Troll,POST-SEASON,F,1999,102,,44,0,0,0,41,873,
Troll,POST-SEASON,F,1999,106,,37,0,0,0,52,816,
Troll,POST-SEASON,F,1999,107,,58,0,0,0,29,1257,
Troll,POST-SEASON,G,1999,123,,537,0,0,7,278,30847,
Troll,POST-SEASON,G,1999,124,,79,0,0,6,168,2837,
Troll,POST-SEASON,G,1999,125,,267,0,0,8,497,13503,
Troll,POST-SEASON,G,1999,126,,154,0,0,0,264,7294,
Troll,POST-SEASON,G,1999,127,,34,0,0,6,452,492,
Troll,POST-SEASON,F,1999,142,,1745,0,0,0,1194,44027,
Troll,POST-SEASON,F,2000,2,,3,0,0,0,2819,0,
Troll,POST-SEASON,G,2000,11,,5,82,0,137,0,0,
Troll,POST-SEASON,G,2000,12,,737,20971,5,34048,149,8,
Troll,POST-SEASON,H,2000,12,,233,16832,4,18472,53,77,
Troll,POST-SEASON,H,2000,13,,773,45545,5,28083,1535,530,
Troll,POST-SEASON,H,2000,16,,12,2,0,0,0,0,
Troll,POST-SEASON,H,2000,18,,41,375,0,4,0,18,
Troll,POST-SEASON,G,2000,23,,237,5236,0,0,5,34,
Troll,POST-SEASON,H,2000,29,,203,3793,0,491,36,61,
Troll,POST-SEASON,F,2000,101,,236,1163,5739,66334,2045,381,
Troll,POST-SEASON,G,2000,123,,450,0,0,51,21,9085,
Troll,POST-SEASON,G,2000,124,,107,0,5,0,10,1782,
Troll,POST-SEASON,G,2000,125,,305,0,0,1,161,9132,
Troll,POST-SEASON,G,2000,126,,473,0,0,9,184,13164,
Troll,POST-SEASON,G,2000,127,,44,0,0,0,158,1283,
Troll,POST-SEASON,F,2000,142,,663,0,0,0,0,9567,
Troll,POST-SEASON,F,2001,2,,33,0,700,0,500,0,
Troll,POST-SEASON,G,2001,11,,34,616,0,2679,23,19,
Troll,POST-SEASON,G,2001,12,,243,4350,0,16400,39,93,
Troll,POST-SEASON,H,2001,12,,360,19127,0,34221,348,341,
Troll,POST-SEASON,H,2001,13,,500,15787,0,59693,6567,269,
Troll,POST-SEASON,H,2001,14,,55,0,0,0,1636,1,
Troll,POST-SEASON,H,2001,16,,0,0,0,0,0,0,
Troll,POST-SEASON,H,2001,18,,15,219,0,154,22,9,
Troll,POST-SEASON,G,2001,23,,309,23154,0,6,0,2033,
Troll,POST-SEASON,G,2001,24,,3,0,0,0,0,26,
Troll,POST-SEASON,H,2001,29,,146,24797,0,64,64,49,
Troll,POST-SEASON,F,2001,101,,518,2902,27,175163,2362,1448,
Troll,POST-SEASON,F,2001,103,,229,117,8221,989,2,0,
Troll,POST-SEASON,F,2001,104,,311,665,0,1709,45,2300,
Troll,POST-SEASON,F,2001,106,,6,1,0,767,14,0,
Troll,POST-SEASON,F,2001,108,,15,2,0,980,285,0,
Troll,POST-SEASON,G,2001,121,,5,679,0,0,0,0,
Troll,POST-SEASON,G,2001,123,,1875,13899,0,3818,55,49150,
Troll,POST-SEASON,G,2001,124,,189,277,0,882,7,2220,
Troll,POST-SEASON,G,2001,125,,170,611,0,784,59,2416,
Troll,POST-SEASON,G,2001,126,,77,64,0,538,51,2322,
Troll,POST-SEASON,G,2001,127,,29,124,0,2185,107,202,
Troll,POST-SEASON,F,2001,142,,486,0,0,257,84,9603,
Troll,POST-SEASON,F,2002,2,,37,0,1318,3,110,0,
Troll,POST-SEASON,H,2002,12,,151,25151,0,5433,31,129,
Troll,POST-SEASON,H,2002,13,,801,78986,6,12366,32499,302,
Troll,POST-SEASON,H,2002,14,,32,0,0,0,2056,0,
Troll,POST-SEASON,H,2002,17,,0,0,0,0,0,0,
Troll,POST-SEASON,H,2002,18,,310,18888,0,93,27,138,
Troll,POST-SEASON,H,2002,19,,0,0,0,0,0,0,
Troll,POST-SEASON,G,2002,23,,624,52819,5,0,0,1103,
Troll,POST-SEASON,G,2002,25,,1,,,,,,
Troll,POST-SEASON,G,2002,27,,7,0,0,0,0,8,
Troll,POST-SEASON,H,2002,29,,22,0,0,0,903,0,
Troll,POST-SEASON,F,2002,101,,2431,1912,93244,33070,518,52851,
Troll,POST-SEASON,F,2002,102,,139,0,9191,27,13,66,
Troll,POST-SEASON,F,2002,103,,74,0,4037,183,3,260,
Troll,POST-SEASON,F,2002,104,,24,0,4308,183,3,0,
Troll,POST-SEASON,F,2002,105,,30,0,1584,44,0,163,
Troll,POST-SEASON,F,2002,106,,94,0,4773,871,41,100,
Troll,POST-SEASON,F,2002,107,,62,7,4264,250,75,382,
Troll,POST-SEASON,G,2002,123,,1584,24379,0,32,114,85452,
Troll,POST-SEASON,G,2002,124,,906,79022,0,64,104,10489,
Troll,POST-SEASON,G,2002,125,,246,5300,0,30,82,3819,
Troll,POST-SEASON,G,2002,126,,1072,25397,0,450,1312,29005,
Troll,POST-SEASON,G,2002,127,,293,11417,0,917,585,4586,
Troll,POST-SEASON,F,2002,142,,1513,0,1426,49,326,49681,
Troll,POST-SEASON,F,2003,2,,95,0,11385,686,0,0,
Troll,POST-SEASON,H,2003,12,,1103,104476,3,78408,8184,720,
Troll,POST-SEASON,H,2003,13,,823,18859,0,29834,76884,280,
Troll,POST-SEASON,H,2003,14,,17,0,0,0,729,1,
Troll,POST-SEASON,H,2003,17,,0,0,0,0,0,0,
Troll,POST-SEASON,H,2003,18,,24,16,0,1016,0,8,
Troll,POST-SEASON,G,2003,23,,203,14,242,0,1,3901,
Troll,POST-SEASON,G,2003,27,,7,0,0,0,0,21,
Troll,POST-SEASON,H,2003,29,,15,18,0,3,21,9,
Troll,POST-SEASON,F,2003,101,,3080,3283,130384,94287,187,86966,
Troll,POST-SEASON,F,2003,102,,203,0,14004,6,2,1740,
Troll,POST-SEASON,F,2003,103,,196,28,22261,3307,5,0,
Troll,POST-SEASON,F,2003,105,,211,0,29497,4913,2,1050,
Troll,POST-SEASON,F,2003,106,,119,274,12023,22185,3754,0,
Troll,POST-SEASON,F,2003,107,,93,12,8689,463,16,0,
Troll,POST-SEASON,G,2003,123,,1501,0,31,1284,209,91875,
Troll,POST-SEASON,G,2003,124,,82,0,1,93,33,1495,
Troll,POST-SEASON,G,2003,125,,37,0,0,0,30,1329,
Troll,POST-SEASON,G,2003,126,,1413,1,9,108,3003,49942,
Troll,POST-SEASON,G,2003,127,,215,0,0,159,217,6744,
Troll,POST-SEASON,F,2003,142,,1182,0,457,2645,4,50106,
Troll,POST-SEASON,F,2004,2,,8,0,0,654,60,0,
Troll,POST-SEASON,H,2004,12,,550,88537,3,2937,6116,316,
Troll,POST-SEASON,H,2004,13,,833,58071,7,6302,97169,295,
Troll,POST-SEASON,H,2004,14,,57,0,0,0,2908,64,
Troll,POST-SEASON,H,2004,15,,0,0,0,0,0,0,
Troll,POST-SEASON,H,2004,16,,0,0,0,0,0,0,
Troll,POST-SEASON,H,2004,17,,9,0,0,0,0,8,
Troll,POST-SEASON,H,2004,18,,12,1,0,0,0,0,
Troll,POST-SEASON,H,2004,19,,2,,,,,,
Troll,POST-SEASON,G,2004,20,,4,0,0,0,0,0,
Troll,POST-SEASON,G,2004,23,,325,0,49,0,2,3476,
Troll,POST-SEASON,G,2004,24,,4,0,0,0,0,30,
Troll,POST-SEASON,G,2004,25,,14,0,118,0,4,180,
Troll,POST-SEASON,G,2004,27,,11,0,0,0,0,210,
Troll,POST-SEASON,H,2004,29,,1,,,,,,
Troll,POST-SEASON,F,2004,101,,3348,2203,155393,30238,56,118277,
Troll,POST-SEASON,F,2004,102,,72,2,16366,91,0,0,
Troll,POST-SEASON,F,2004,103,,344,234,24799,2296,0,0,
Troll,POST-SEASON,F,2004,104,,192,49,22254,2787,0,0,
Troll,POST-SEASON,F,2004,105,,127,1,15671,219,27,0,
Troll,POST-SEASON,F,2004,106,,230,2,22763,1065,0,0,
Troll,POST-SEASON,F,2004,107,,124,4,9735,205,0,0,
Troll,POST-SEASON,F,2004,108,,22,0,1050,1,0,0,
Troll,POST-SEASON,G,2004,123,,836,0,15,1,111,61252,
Troll,POST-SEASON,G,2004,124,,178,0,35,0,93,10765,
Troll,POST-SEASON,G,2004,125,,285,0,7,2,545,13802,
Troll,POST-SEASON,G,2004,126,,1444,0,7,55,2343,66521,
Troll,POST-SEASON,G,2004,127,,279,10,2,3,464,13616,
Troll,POST-SEASON,F,2004,142,,1039,140,2710,573,0,51029,
Troll,IN-SEASON,F,2005,1,48,565,100,"18,671","2,606",1,"14,813",
Troll,IN-SEASON,F,2005,2,18,206,0,"6,282",20,0,"5,014",
Troll,IN-SEASON,F,2005,3,25,114,0,"8,623",8,0,0,
Troll,IN-SEASON,F,2005,6,26,316,0,"41,430","2,344",0,22,
Troll,IN-SEASON,F,2005,7,7,33,0,"1,695",45,0,0,
Troll,IN-SEASON,F,2005,8,6,24,0,"1,133",84,0,0,
Troll,IN-SEASON,G,2005,12,0,0,0,0,0,0,0,
Troll,IN-SEASON,H,2005,12,24,95,"1,893",0,"2,121","6,725",0,
Troll,IN-SEASON,H,2005,13,78,628,"18,283",4,"19,876","41,909",0,
Troll,IN-SEASON,H,2005,14,8,28,1,0,0,383,0,
Troll,IN-SEASON,H,2005,16,0,1,,,,,,
Troll,IN-SEASON,H,2005,17,0,0,0,0,0,0,0,
Troll,IN-SEASON,H,2005,18,1,0,,,,,,
Troll,IN-SEASON,G,2005,23,26,199,0,7,0,0,"2,546",
Troll,IN-SEASON,G,2005,24,0,1,,,,,,
Troll,IN-SEASON,G,2005,25,5,22,0,0,0,1,342,
Troll,IN-SEASON,G,2005,26,10,15,0,0,0,0,287,
Troll,IN-SEASON,G,2005,27,3,4,0,0,0,0,28,
Troll,IN-SEASON,H,2005,29,2,2,,,,,,
Troll,IN-SEASON,F,2005,101,141,"3,840",107,"181,516","36,943",52,"122,336",
Troll,IN-SEASON,F,2005,102,7,98,0,"14,845",0,0,0,
Troll,IN-SEASON,F,2005,104,23,135,0,"27,341","1,416",0,72,
Troll,IN-SEASON,F,2005,105,8,26,0,"3,003",45,0,0,
Troll,IN-SEASON,F,2005,106,9,34,0,"3,776",105,0,0,
Troll,IN-SEASON,F,2005,107,1,4,,,,,,
Troll,IN-SEASON,F,2005,108,3,5,0,65,8,1,0,
Troll,IN-SEASON,F,2005,109,0,0,0,0,0,0,0,
Troll,IN-SEASON,F,2005,110,2,11,,,,,,
Troll,IN-SEASON,G,2005,123,110,706,0,479,6,226,"30,874",
Troll,IN-SEASON,G,2005,124,74,338,0,948,8,697,"7,581",
Troll,IN-SEASON,G,2005,125,97,643,0,29,6,167,"17,630",
Troll,IN-SEASON,G,2005,126,147,"2,605",0,346,37,821,"73,665",
Troll,IN-SEASON,G,2005,127,37,350,0,201,14,342,"7,441",
Troll,IN-SEASON,F,2005,130,0,0,0,0,0,0,0,
Troll,IN-SEASON,F,2005,142,35,377,0,0,40,0,"13,012",
Troll,IN-SEASON,F,2006,1,90,924,"1,814","29,769","4,716",5,"18,072",
Troll,IN-SEASON,F,2006,2,17,122,0,"2,425",946,0,"3,828",
Troll,IN-SEASON,F,2006,3,10,30,3,"1,165",36,0,0,
Troll,IN-SEASON,F,2006,6,28,151,0,"9,297",396,0,0,
Troll,IN-SEASON,F,2006,7,11,23,0,"1,186",32,0,0,
Troll,IN-SEASON,F,2006,8,2,1,,,,,,
Troll,IN-SEASON,F,2006,9,0,0,0,0,0,0,0,
Troll,IN-SEASON,F,2006,10,0,0,0,0,0,0,0,
Troll,IN-SEASON,G,2006,11,8,16,"4,553",0,18,1,0,
Troll,IN-SEASON,G,2006,12,51,212,"71,751",0,252,46,10,
Troll,IN-SEASON,H,2006,12,97,693,"173,924",0,839,"5,591",2,
Troll,IN-SEASON,H,2006,13,83,667,"42,504",0,969,"62,298",3,
Troll,IN-SEASON,H,2006,14,7,17,0,0,0,695,0,
Troll,IN-SEASON,H,2006,18,3,7,172,0,0,0,0,
Troll,IN-SEASON,G,2006,23,17,207,0,4,0,1,"2,013",
Troll,IN-SEASON,G,2006,24,6,22,0,0,0,0,229,
Troll,IN-SEASON,G,2006,25,7,16,0,0,0,0,116,
Troll,IN-SEASON,G,2006,26,2,12,,,,,,
Troll,IN-SEASON,G,2006,27,3,8,0,0,0,1,41,
Troll,IN-SEASON,H,2006,29,7,8,45,0,0,0,0,
Troll,IN-SEASON,F,2006,101,164,"4,031","9,299","81,853","30,160",155,"98,433",
Troll,IN-SEASON,F,2006,102,6,26,2,"2,024",126,0,0,
Troll,IN-SEASON,F,2006,104,17,75,97,"8,415",960,0,73,
Troll,IN-SEASON,F,2006,105,2,2,,,,,,
Troll,IN-SEASON,F,2006,106,4,11,76,252,68,0,0,
Troll,IN-SEASON,F,2006,107,2,1,,,,,,
Troll,IN-SEASON,F,2006,108,2,0,,,,,,
Troll,IN-SEASON,F,2006,109,1,0,,,,,,
Troll,IN-SEASON,F,2006,110,1,0,,,,,,
Troll,IN-SEASON,G,2006,111,1,2,,,,,,
Troll,IN-SEASON,G,2006,123,95,"1,167","5,812",572,4,122,"51,410",
Troll,IN-SEASON,G,2006,124,77,377,"84,111",30,5,49,"1,625",
Troll,IN-SEASON,G,2006,125,92,608,"4,147","1,218",1,333,"14,059",
Troll,IN-SEASON,G,2006,126,110,"1,639",626,769,58,651,"27,673",
Troll,IN-SEASON,G,2006,127,50,580,"6,581",51,25,485,"8,658",
Troll,IN-SEASON,F,2006,142,37,268,0,"1,877",662,0,"8,886",
Troll,IN-SEASON,F,2007,1,67,667,466,"18,573","6,075",44,"9,857",
Troll,IN-SEASON,F,2007,2,10,90,0,"1,338",266,0,"2,013",
Troll,IN-SEASON,F,2007,6,35,265,1,"26,516","4,235",4,0,
Troll,IN-SEASON,F,2007,7,9,34,0,"1,668",6,0,0,
Troll,IN-SEASON,F,2007,8,1,1,,,,,,
Troll,IN-SEASON,H,2007,12,3,5,0,0,1,145,0,
Troll,IN-SEASON,H,2007,13,58,457,0,0,"1,844","40,011",0,
Troll,IN-SEASON,H,2007,14,4,4,0,0,0,268,0,
Troll,IN-SEASON,H,2007,16,2,2,,,,,,
Troll,IN-SEASON,H,2007,17,0,0,0,0,0,0,0,
Troll,IN-SEASON,H,2007,18,0,0,0,0,0,0,0,
Troll,IN-SEASON,G,2007,23,24,248,0,0,0,2,"2,787",
Troll,IN-SEASON,G,2007,24,6,18,0,0,0,3,234,
Troll,IN-SEASON,G,2007,25,3,5,0,0,0,0,41,
Troll,IN-SEASON,G,2007,26,3,4,0,0,0,0,66,
Troll,IN-SEASON,G,2007,27,4,12,0,0,0,0,48,
Troll,IN-SEASON,H,2007,29,2,5,,,,,,
Troll,IN-SEASON,F,2007,101,143,"2,772","2,675","95,527","63,973",668,"59,218",
Troll,IN-SEASON,F,2007,102,12,54,0,"5,930",4,1,0,
Troll,IN-SEASON,F,2007,104,40,311,280,"36,586","6,094",21,130,
Troll,IN-SEASON,F,2007,105,4,10,0,510,18,0,0,
Troll,IN-SEASON,F,2007,106,2,0,,,,,,
Troll,IN-SEASON,F,2007,107,0,0,0,0,0,0,0,
Troll,IN-SEASON,F,2007,108,1,1,,,,,,
Troll,IN-SEASON,F,2007,109,0,0,0,0,0,0,0,
Troll,IN-SEASON,F,2007,110,1,1,,,,,,
Troll,IN-SEASON,G,2007,123,82,"1,443",1,"1,354",45,141,"36,643",
Troll,IN-SEASON,G,2007,124,36,259,0,13,1,58,"5,561",
Troll,IN-SEASON,G,2007,125,35,212,0,6,76,262,"5,967",
Troll,IN-SEASON,G,2007,126,58,854,45,43,532,313,"14,495",
Troll,IN-SEASON,G,2007,127,29,557,0,10,81,92,"8,600",
Troll,IN-SEASON,F,2007,142,35,246,9,"2,088","1,309",12,"6,069",
Troll,IN-SEASON,F,2008,1,76,809,150,"19,127","9,449",0,"4,618",
Troll,IN-SEASON,F,2008,2,12,21,0,98,0,0,87,
Troll,IN-SEASON,F,2008,6,33,245,0,"12,638",683,0,9,
Troll,IN-SEASON,F,2008,7,4,26,0,"1,087",9,0,0,
Troll,IN-SEASON,F,2008,8,0,0,0,0,0,0,0,
Troll,IN-SEASON,H,2008,12,2,3,,,,,,
Troll,IN-SEASON,H,2008,13,44,345,160,5,261,"21,262",0,
Troll,IN-SEASON,H,2008,14,0,0,0,0,0,0,0,
Troll,IN-SEASON,H,2008,18,4,9,341,0,7,0,0,
Troll,IN-SEASON,G,2008,23,16,79,0,0,0,0,772,
Troll,IN-SEASON,G,2008,24,4,11,0,0,0,0,72,
Troll,IN-SEASON,G,2008,25,1,2,,,,,,
Troll,IN-SEASON,G,2008,26,3,4,0,0,0,0,83,
Troll,IN-SEASON,G,2008,27,2,4,,,,,,
Troll,IN-SEASON,H,2008,29,1,4,,,,,,
Troll,IN-SEASON,F,2008,101,132,"2,897",303,"39,824","21,911",54,"38,370",
Troll,IN-SEASON,F,2008,102,10,42,0,"1,312",1,0,59,
Troll,IN-SEASON,F,2008,104,8,10,141,722,73,0,5,
Troll,IN-SEASON,F,2008,105,6,19,0,"1,277",11,0,1,
Troll,IN-SEASON,F,2008,106,1,2,,,,,,
Troll,IN-SEASON,F,2008,107,1,1,,,,,,
Troll,IN-SEASON,F,2008,108,0,0,0,0,0,0,0,
Troll,IN-SEASON,F,2008,109,0,0,0,0,0,0,0,
Troll,IN-SEASON,F,2008,110,0,0,0,0,0,0,0,
Troll,IN-SEASON,G,2008,123,94,"1,511",1,242,5,77,"69,250",
Troll,IN-SEASON,G,2008,124,39,306,0,35,0,14,"4,009",
Troll,IN-SEASON,G,2008,125,38,129,0,1,0,14,"1,348",
Troll,IN-SEASON,G,2008,126,43,749,0,24,5,80,"10,358",
Troll,IN-SEASON,G,2008,127,36,523,0,8,1,126,"5,301",
Troll,IN-SEASON,F,2008,142,24,226,0,449,186,0,"2,707",
Troll,IN-SEASON,F,2009,1,69,751,2,"34,447","10,302",1,"4,904",
Troll,IN-SEASON,F,2009,2,4,11,0,982,0,0,92,
Troll,IN-SEASON,F,2009,3,45,376,0,"25,903",458,0,4,
Troll,IN-SEASON,H,2009,12,1,1,,,,,,
Troll,IN-SEASON,H,2009,13,42,429,0,6,"16,542","67,939",0,
Troll,IN-SEASON,H,2009,14,1,1,,,,,,
Troll,IN-SEASON,H,2009,18,2,3,,,,,,
Troll,IN-SEASON,G,2009,23,16,128,0,0,0,0,778,
Troll,IN-SEASON,G,2009,24,2,2,,,,,,
Troll,IN-SEASON,G,2009,25,7,26,0,0,0,0,240,
Troll,IN-SEASON,G,2009,26,0,0,0,0,0,0,0,
Troll,IN-SEASON,G,2009,27,6,24,0,0,0,0,32,
Troll,IN-SEASON,H,2009,29,2,3,,,,,,
Troll,IN-SEASON,F,2009,101,146,"3,465",685,"101,854","51,220",79,"59,419",
Troll,IN-SEASON,F,2009,102,27,200,0,"28,920",79,0,0,
Troll,IN-SEASON,F,2009,104,21,106,0,"12,296",624,0,21,
Troll,IN-SEASON,F,2009,105,20,69,0,"8,074",736,0,0,
Troll,IN-SEASON,G,2009,123,65,608,0,0,0,1,"20,669",
Troll,IN-SEASON,G,2009,124,67,426,0,0,2,65,"10,318",
Troll,IN-SEASON,G,2009,125,17,43,0,0,1,2,312,
Troll,IN-SEASON,G,2009,126,45,880,16,0,62,22,"10,025",
Troll,IN-SEASON,G,2009,127,32,442,0,0,33,78,"6,609",
Troll,IN-SEASON,F,2009,142,32,346,0,"7,960","1,637",0,"6,925",
Troll,IN-SEASON,F,2010,1,77,773,112,"17,064","2,954",6,"10,568",
Troll,IN-SEASON,F,2010,2,15,137,0,993,113,0,"3,294",
Troll,IN-SEASON,F,2010,3,51,406,90,"13,579","1,299",0,16,
Troll,IN-SEASON,H,2010,12,37,389,"131,095",0,"1,348",64,0,
Troll,IN-SEASON,H,2010,13,45,566,"139,561",0,"2,442",325,0,
Troll,IN-SEASON,H,2010,18,9,30,"3,279",0,8,0,0,
Troll,IN-SEASON,G,2010,23,16,67,0,0,0,0,815,
Troll,IN-SEASON,G,2010,24,4,11,0,0,0,0,205,
Troll,IN-SEASON,G,2010,25,0,0,0,0,0,0,0,
Troll,IN-SEASON,G,2010,26,1,6,,,,,,
Troll,IN-SEASON,G,2010,27,4,11,0,0,0,2,163,
Troll,IN-SEASON,H,2010,29,31,319,"107,941",0,11,5,0,
Troll,IN-SEASON,F,2010,101,135,"2,652",254,"73,847","18,430",68,"51,607",
Troll,IN-SEASON,F,2010,102,18,176,0,"12,279",83,0,0,
Troll,IN-SEASON,F,2010,103,3,19,0,962,723,0,0,
Troll,IN-SEASON,F,2010,104,27,135,67,"14,406",955,18,31,
Troll,IN-SEASON,F,2010,105,12,26,0,639,7,0,0,
Troll,IN-SEASON,F,2010,106,0,0,0,0,0,0,0,
Troll,IN-SEASON,G,2010,123,67,794,0,369,5,31,"35,953",
Troll,IN-SEASON,G,2010,124,43,194,0,10,0,4,"7,495",
Troll,IN-SEASON,G,2010,125,18,40,0,0,1,0,"1,404",
Troll,IN-SEASON,G,2010,126,43,373,0,50,40,327,"13,589",
Troll,IN-SEASON,G,2010,127,47,586,0,29,1,36,"19,344",
Troll,IN-SEASON,F,2010,142,44,634,0,"4,526","2,577",0,"18,928",
Troll,IN-SEASON,F,2011,1,53,477,"1,553","37,917","8,314",8,"3,406",
Troll,IN-SEASON,F,2011,2,6,30,92,518,0,0,"1,437",
Troll,IN-SEASON,F,2011,6,35,186,77,"13,849","2,810",0,0,
Troll,IN-SEASON,H,2011,12,12,42,952,0,"8,357","1,147",0,
Troll,IN-SEASON,H,2011,13,41,501,"10,715",0,"40,612","105,544",0,
Troll,IN-SEASON,H,2011,14,1,1,,,,,,
Troll,IN-SEASON,H,2011,18,0,0,0,0,0,0,0,
Troll,IN-SEASON,G,2011,23,10,57,0,0,1,0,646,
Troll,IN-SEASON,G,2011,24,2,5,,,,,,
Troll,IN-SEASON,G,2011,25,0,0,0,0,0,0,0,
Troll,IN-SEASON,G,2011,26,1,2,,,,,,
Troll,IN-SEASON,G,2011,27,3,13,0,0,0,0,383,
Troll,IN-SEASON,H,2011,29,6,35,"1,384",0,"1,281",0,52,
Troll,IN-SEASON,F,2011,101,136,"2,325","4,739","182,376","43,907",2,"55,719",
Troll,IN-SEASON,F,2011,102,9,77,88,"6,003",180,0,0,
Troll,IN-SEASON,F,2011,103,6,18,10,"2,348",157,0,0,
Troll,IN-SEASON,F,2011,104,39,299,92,"49,604","2,506",0,0,
Troll,IN-SEASON,F,2011,105,8,16,0,"1,147",20,0,0,
Troll,IN-SEASON,F,2011,106,4,17,0,"2,083",48,0,0,
Troll,IN-SEASON,G,2011,123,70,689,0,0,39,12,"44,110",
Troll,IN-SEASON,G,2011,124,52,323,0,0,5,4,"9,275",
Troll,IN-SEASON,G,2011,125,40,134,0,0,24,7,"4,958",
Troll,IN-SEASON,G,2011,126,65,596,0,0,97,184,"28,862",
Troll,IN-SEASON,G,2011,127,57,"1,868",0,0,11,27,"32,937",
Troll,IN-SEASON,F,2011,142,20,155,0,802,41,0,"10,483",
Troll,IN-SEASON,F,2012,1,88,848,599,"49,920","13,572",6,"7,984",
Troll,IN-SEASON,F,2012,2,18,132,0,718,818,0,"2,985",
Troll,IN-SEASON,F,2012,3,36,321,85,"13,900",185,0,0,
Troll,IN-SEASON,H,2012,12,1,1,,,,,,
Troll,IN-SEASON,H,2012,13,26,247,0,0,10,"27,481",0,
Troll,IN-SEASON,H,2012,14,0,0,0,0,0,0,0,
Troll,IN-SEASON,G,2012,23,12,103,0,0,0,0,934,
Troll,IN-SEASON,G,2012,24,1,1,,,,,,
Troll,IN-SEASON,G,2012,25,1,4,,,,,,
Troll,IN-SEASON,G,2012,26,0,0,0,0,0,0,0,
Troll,IN-SEASON,G,2012,27,4,14,0,0,0,0,323,
Troll,IN-SEASON,F,2012,101,146,"3,147","1,362","90,029","42,275",32,"54,020",
Troll,IN-SEASON,F,2012,102,7,82,0,"8,584",0,0,0,
Troll,IN-SEASON,F,2012,103,4,39,6,"3,752","1,493",0,167,
Troll,IN-SEASON,F,2012,104,39,258,96,"46,677","4,139",3,431,
Troll,IN-SEASON,F,2012,105,5,4,0,121,32,0,0,
Troll,IN-SEASON,F,2012,106,1,1,,,,,,
Troll,IN-SEASON,G,2012,123,51,422,4,"1,730",1,27,"21,625",
Troll,IN-SEASON,G,2012,124,25,56,0,0,0,0,445,
Troll,IN-SEASON,G,2012,125,17,37,0,0,4,4,940,
Troll,IN-SEASON,G,2012,126,66,575,0,13,14,65,"20,187",
Troll,IN-SEASON,G,2012,127,38,411,0,363,9,137,"14,702",
Troll,IN-SEASON,F,2012,142,51,629,6,"1,751","2,818",0,"14,935",
Troll,IN-SEASON,F,2013,1,66,589,0,"49,069","8,039",2,"5,786",
Troll,IN-SEASON,F,2013,2,8,77,0,2,171,0,"3,316",
Troll,IN-SEASON,F,2013,3,57,946,0,"77,146","5,830",1,0,
Troll,IN-SEASON,F,2013,6,31,218,0,"17,318","2,504",0,0,
Troll,IN-SEASON,H,2013,12,0,0,0,0,0,0,0,
Troll,IN-SEASON,H,2013,13,18,204,0,0,118,"42,375",0,
Troll,IN-SEASON,G,2013,23,13,96,0,0,0,0,582,
Troll,IN-SEASON,G,2013,24,1,1,,,,,,
Troll,IN-SEASON,G,2013,25,0,0,0,0,0,0,0,
Troll,IN-SEASON,G,2013,26,0,1,,,,,,
Troll,IN-SEASON,G,2013,27,2,5,,,,,,
Troll,IN-SEASON,F,2013,101,129,"2,630",0,"168,950","84,693",295,"53,700",
Troll,IN-SEASON,F,2013,102,16,151,0,"24,036",168,0,0,
Troll,IN-SEASON,F,2013,103,7,26,0,"2,353",379,0,0,
Troll,IN-SEASON,F,2013,104,23,150,0,"26,307","2,834",6,0,
Troll,IN-SEASON,F,2013,105,20,177,0,"30,324","3,919",0,0,
Troll,IN-SEASON,F,2013,106,6,29,0,"3,803",519,0,0,
Troll,IN-SEASON,G,2013,123,59,378,0,802,7,22,"22,893",
Troll,IN-SEASON,G,2013,124,39,165,0,27,0,0,"2,334",
Troll,IN-SEASON,G,2013,125,17,37,0,273,12,4,456,
Troll,IN-SEASON,G,2013,126,53,355,0,"1,599",9,54,"4,614",
Troll,IN-SEASON,G,2013,127,30,244,0,"3,425",2,50,"2,789",
Troll,IN-SEASON,F,2013,142,22,142,0,0,"1,714",0,"6,741",
Troll,IN-SEASON,F,2014,1,84,"1,089","14,756","30,966","7,472",6,"29,669",
Troll,IN-SEASON,F,2014,2,7,84,0,595,33,0,"2,988",
Troll,IN-SEASON,F,2014,3,32,325,0,"24,759",504,3,0,
Troll,IN-SEASON,G,2014,11,6,10,"2,479",0,11,1,0,
Troll,IN-SEASON,G,2014,12,49,138,"32,238",0,141,26,0,
Troll,IN-SEASON,H,2014,12,24,353,"109,781",2,"1,765",40,1,
Troll,IN-SEASON,H,2014,13,32,338,"88,406",4,"1,280","1,493",1,
Troll,IN-SEASON,H,2014,16,0,0,0,0,0,0,0,
Troll,IN-SEASON,H,2014,18,0,0,0,0,0,0,0,
Troll,IN-SEASON,G,2014,23,11,68,0,0,6,0,618,
Troll,IN-SEASON,G,2014,24,0,0,0,0,0,0,0,
Troll,IN-SEASON,G,2014,25,1,1,,,,,,
Troll,IN-SEASON,G,2014,26,0,0,0,0,0,0,0,
Troll,IN-SEASON,G,2014,27,4,12,0,0,0,0,105,
Troll,IN-SEASON,H,2014,29,33,351,"112,942",0,0,6,0,
Troll,IN-SEASON,F,2014,101,140,"2,990","26,541","98,469","24,177",114,"116,257",
Troll,IN-SEASON,F,2014,102,5,48,0,"5,675",0,0,88,
Troll,IN-SEASON,F,2014,103,6,10,3,681,35,0,0,
Troll,IN-SEASON,F,2014,104,16,63,54,"11,904","1,196",0,0,
Troll,IN-SEASON,F,2014,105,1,6,,,,,,
Troll,IN-SEASON,F,2014,106,0,0,0,0,0,0,0,
Troll,IN-SEASON,G,2014,111,1,3,,,,,,
Troll,IN-SEASON,G,2014,123,53,475,12,"32,613",0,2,"15,845",
Troll,IN-SEASON,G,2014,124,17,36,0,147,0,0,397,
Troll,IN-SEASON,G,2014,125,19,120,0,72,2,48,"3,124",
Troll,IN-SEASON,G,2014,126,68,"1,679",0,546,86,"1,052","66,857",
Troll,IN-SEASON,G,2014,127,47,833,0,"1,571",8,68,"20,678",
Troll,IN-SEASON,F,2014,142,36,526,0,"3,613",852,0,"23,221",
Troll,IN-SEASON,F,2015,1,58,451,469,"18,970","3,739",0,"15,830",
Troll,IN-SEASON,F,2015,2,2,14,,,,,,
Troll,IN-SEASON,H,2015,12,2,7,,,,,,
Troll,IN-SEASON,H,2015,13,24,243,0,0,24,"47,258",0,
Troll,IN-SEASON,H,2015,14,2,2,,,,,,
Troll,IN-SEASON,G,2015,23,14,151,0,1,0,0,"1,763",
Troll,IN-SEASON,G,2015,24,1,14,,,,,,
Troll,IN-SEASON,G,2015,25,2,4,,,,,,
Troll,IN-SEASON,G,2015,26,1,1,,,,,,
Troll,IN-SEASON,G,2015,27,4,20,0,0,0,0,256,
Troll,IN-SEASON,H,2015,29,1,1,,,,,,
Troll,IN-SEASON,F,2015,101,131,"2,318","2,017","141,632","37,067",0,"81,434",
Troll,IN-SEASON,F,2015,102,8,121,0,"7,866",0,0,0,
Troll,IN-SEASON,F,2015,103,16,74,7,"6,833",917,0,0,
Troll,IN-SEASON,F,2015,104,30,187,60,"24,653","1,673",8,0,
Troll,IN-SEASON,F,2015,105,35,406,156,"55,413","3,381",0,0,
Troll,IN-SEASON,F,2015,106,0,0,0,0,0,0,0,
Troll,IN-SEASON,G,2015,123,34,279,0,"3,038",4,11,"8,626",
Troll,IN-SEASON,G,2015,124,29,285,0,11,0,2,"3,545",
Troll,IN-SEASON,G,2015,125,19,58,0,3,0,9,"3,230",
Troll,IN-SEASON,G,2015,126,53,440,0,25,1,59,"15,661",
Troll,IN-SEASON,G,2015,127,42,"1,029",0,"3,108",20,933,"20,828",
Troll,IN-SEASON,F,2015,142,19,99,2,308,83,56,"8,492",
Troll,IN-SEASON,F,2016,1,66,694,203,"36,417","7,332",2,"12,022",
Troll,IN-SEASON,F,2016,2,10,72,0,560,24,0,"2,358",
Troll,IN-SEASON,F,2016,3,40,319,0,"9,241",615,0,0,
Troll,IN-SEASON,F,2016,6,8,55,0,"2,784",902,0,0,
Troll,IN-SEASON,F,2016,7,3,21,0,"1,559",55,0,0,
Troll,IN-SEASON,F,2016,8,1,1,,,,,,
Troll,IN-SEASON,H,2016,12,0,0,0,0,0,0,0,
Troll,IN-SEASON,H,2016,13,20,247,0,0,0,"65,010",0,
Troll,IN-SEASON,H,2016,14,0,0,0,0,0,0,0,
Troll,IN-SEASON,H,2016,18,0,0,0,0,0,0,0,
Troll,IN-SEASON,G,2016,23,9,107,0,0,0,0,918,
Troll,IN-SEASON,G,2016,24,0,0,0,0,0,0,0,
Troll,IN-SEASON,G,2016,25,0,0,0,0,0,0,0,
Troll,IN-SEASON,G,2016,26,1,2,,,,,,
Troll,IN-SEASON,G,2016,27,4,12,0,0,0,1,153,
Troll,IN-SEASON,H,2016,29,0,0,0,0,0,0,0,
Troll,IN-SEASON,F,2016,101,131,"3,380",351,"117,850","25,011",17,"121,414",
Troll,IN-SEASON,F,2016,102,10,21,0,"1,193",2,0,3,
Troll,IN-SEASON,F,2016,103,10,31,1,"1,696",138,0,0,
Troll,IN-SEASON,F,2016,104,23,202,35,"38,741","3,207",0,0,
Troll,IN-SEASON,F,2016,105,19,91,1,"5,042",224,0,0,
Troll,IN-SEASON,F,2016,106,0,0,0,0,0,0,0,
Troll,IN-SEASON,F,2016,107,0,0,0,0,0,0,0,
Troll,IN-SEASON,F,2016,108,0,0,0,0,0,0,0,
Troll,IN-SEASON,F,2016,109,0,0,0,0,0,0,0,
Troll,IN-SEASON,G,2016,123,30,161,0,130,0,12,"3,082",
Troll,IN-SEASON,G,2016,124,20,61,0,0,0,2,475,
Troll,IN-SEASON,G,2016,125,21,126,0,8,0,5,"1,911",
Troll,IN-SEASON,G,2016,126,66,992,0,115,5,102,"20,954",
Troll,IN-SEASON,G,2016,127,56,"1,034",0,0,0,339,"21,411",
Troll,IN-SEASON,F,2016,142,29,333,0,"3,870","1,316",0,"13,652",
Troll,IN-SEASON,F,2017,1,75,877,0,"46,093","7,307",17,"14,445",
Troll,IN-SEASON,F,2017,2,5,24,0,133,0,1,526,
Troll,IN-SEASON,F,2017,3,48,356,0,"11,710","1,622",0,119,
Troll,IN-SEASON,F,2017,6,7,58,0,"4,568",269,0,0,
Troll,IN-SEASON,F,2017,7,2,11,,,,,,
Troll,IN-SEASON,F,2017,8,1,7,,,,,,
Troll,IN-SEASON,H,2017,12,1,3,,,,,,
Troll,IN-SEASON,H,2017,13,21,241,0,0,14,"17,580",0,
Troll,IN-SEASON,H,2017,14,0,0,0,0,0,0,0,
Troll,IN-SEASON,H,2017,17,1,1,,,,,,
Troll,IN-SEASON,H,2017,18,0,0,0,0,0,0,0,
Troll,IN-SEASON,G,2017,23,7,70,0,0,0,0,755,
Troll,IN-SEASON,G,2017,24,0,0,0,0,0,0,0,
Troll,IN-SEASON,G,2017,25,0,0,0,0,0,0,0,
Troll,IN-SEASON,G,2017,26,1,1,,,,,,
Troll,IN-SEASON,G,2017,27,0,0,0,0,0,0,0,
Troll,IN-SEASON,H,2017,29,1,0,,,,,,
Troll,IN-SEASON,F,2017,101,140,"3,634",0,"225,873","25,459",321,"79,619",
Troll,IN-SEASON,F,2017,102,4,21,0,839,247,0,0,
Troll,IN-SEASON,F,2017,103,12,55,0,"4,853",442,0,26,
Troll,IN-SEASON,F,2017,104,25,184,0,"43,282","3,336",0,6,
Troll,IN-SEASON,F,2017,105,8,10,0,136,37,0,0,
Troll,IN-SEASON,F,2017,106,0,0,0,0,0,0,0,
Troll,IN-SEASON,F,2017,107,2,7,,,,,,
Troll,IN-SEASON,F,2017,108,1,2,,,,,,
Troll,IN-SEASON,F,2017,109,0,0,0,0,0,0,0,
Troll,IN-SEASON,G,2017,123,21,95,0,228,3,1,"2,771",
Troll,IN-SEASON,G,2017,124,14,47,0,12,0,1,600,
Troll,IN-SEASON,G,2017,125,13,48,0,0,0,1,968,
Troll,IN-SEASON,G,2017,126,61,"1,100",0,91,12,96,"26,339",
Troll,IN-SEASON,G,2017,127,38,644,0,0,10,57,"15,375",
Troll,IN-SEASON,F,2017,142,17,123,0,256,44,1,"3,001",
Troll,IN-SEASON,F,2018,1,61,464,0,"10,720","1,229",394,"5,235",
Troll,IN-SEASON,F,2018,2,5,65,0,828,0,60,"1,832",
Troll,IN-SEASON,F,2018,3,0,0,0,0,0,0,0,
Troll,IN-SEASON,F,2018,6,2,20,,,,,,
Troll,IN-SEASON,F,2018,7,0,0,0,0,0,0,0,
Troll,IN-SEASON,F,2018,8,0,0,0,0,0,0,0,
Troll,IN-SEASON,G,2018,11,1,3,,,,,,
Troll,IN-SEASON,G,2018,12,18,64,"8,921",0,92,2,0,
Troll,IN-SEASON,H,2018,12,25,223,"52,088",0,312,113,5,
Troll,IN-SEASON,H,2018,13,23,132,"9,783",0,459,"1,912",0,
Troll,IN-SEASON,H,2018,18,0,0,0,0,0,0,0,
Troll,IN-SEASON,G,2018,23,6,53,0,0,0,0,441,
Troll,IN-SEASON,G,2018,24,0,0,0,0,0,0,0,
Troll,IN-SEASON,G,2018,25,1,1,,,,,,
Troll,IN-SEASON,G,2018,26,2,5,,,,,,
Troll,IN-SEASON,G,2018,27,4,39,0,0,0,0,466,
Troll,IN-SEASON,H,2018,29,28,399,"120,141",1,7,5,1,
Troll,IN-SEASON,F,2018,101,139,"3,202",3,"126,215","25,965","2,540","57,973",
Troll,IN-SEASON,F,2018,102,5,18,0,"1,191",26,0,0,
Troll,IN-SEASON,F,2018,103,7,32,0,"6,818",397,0,0,
Troll,IN-SEASON,F,2018,104,30,142,0,"27,516","2,518",0,0,
Troll,IN-SEASON,F,2018,105,2,2,,,,,,
Troll,IN-SEASON,F,2018,106,0,0,0,0,0,0,0,
Troll,IN-SEASON,F,2018,107,0,0,0,0,0,0,0,
Troll,IN-SEASON,F,2018,108,0,0,0,0,0,0,0,
Troll,IN-SEASON,F,2018,109,0,0,0,0,0,0,0,
Troll,IN-SEASON,G,2018,111,1,3,,,,,,
Troll,IN-SEASON,G,2018,123,16,53,778,0,0,0,"1,050",
Troll,IN-SEASON,G,2018,124,34,153,"18,993",2,2,4,358,
Troll,IN-SEASON,G,2018,125,11,27,0,0,0,0,255,
Troll,IN-SEASON,G,2018,126,48,693,126,0,4,12,"10,781",
Troll,IN-SEASON,G,2018,127,30,531,30,0,0,19,"5,760",
Troll,IN-SEASON,F,2018,142,25,228,0,"3,239",753,181,"5,236",
Troll,IN-SEASON,F,2019,1,59,538,0,"25,506","6,342",52,"5,876",
Troll,IN-SEASON,F,2019,2,15,81,0,282,27,41,"1,885",
Troll,IN-SEASON,F,2019,3,0,0,0,0,0,0,0,
Troll,IN-SEASON,F,2019,6,4,42,0,"1,544",584,0,0,
Troll,IN-SEASON,F,2019,7,3,18,0,617,752,0,0,
Troll,IN-SEASON,F,2019,8,1,3,,,,,,
Troll,IN-SEASON,F,2019,101,131,"2,476",12,"136,362","49,840",619,"24,289",
Troll,IN-SEASON,F,2019,102,2,3,,,,,,
Troll,IN-SEASON,F,2019,103,12,58,1,"4,422","1,576",3,5,
Troll,IN-SEASON,F,2019,104,25,77,0,"8,591","1,913",0,0,
Troll,IN-SEASON,F,2019,105,4,11,0,590,97,0,0,
Troll,IN-SEASON,F,2019,106,2,6,,,,,,
Troll,IN-SEASON,F,2019,107,0,0,0,0,0,0,0,
Troll,IN-SEASON,F,2019,108,0,0,0,0,0,0,0,
Troll,IN-SEASON,F,2019,109,0,0,0,0,0,0,0,
Troll,IN-SEASON,G,2019,123,28,199,0,0,31,0,"6,031",
Troll,IN-SEASON,G,2019,124,7,15,0,0,0,0,624,
Troll,IN-SEASON,G,2019,125,5,16,0,0,0,0,506,
Troll,IN-SEASON,G,2019,126,43,220,0,0,16,1,"9,503",
Troll,IN-SEASON,G,2019,127,29,172,0,0,70,0,"6,531",
Troll,IN-SEASON,F,2019,142,42,373,1,"1,366",200,187,"10,746",
Troll,IN-SEASON,F,2020,1,54,362,0,"8,265","11,690",0,"2,449",
Troll,IN-SEASON,F,2020,2,14,125,0,"1,167",30,0,"2,547",
Troll,IN-SEASON,F,2020,3,0,0,0,0,0,0,0,
Troll,IN-SEASON,H,2020,12,0,0,0,0,0,0,0,
Troll,IN-SEASON,H,2020,13,17,142,0,0,3,"12,771",0,
Troll,IN-SEASON,H,2020,18,1,1,,,,,,
Troll,IN-SEASON,F,2020,101,106,"1,760",0,"68,770","121,348",3,"12,771",
Troll,IN-SEASON,F,2020,102,0,0,0,0,0,0,0,
Troll,IN-SEASON,F,2020,103,3,9,0,842,71,0,0,
Troll,IN-SEASON,F,2020,104,21,53,0,"4,843","3,434",0,0,
Troll,IN-SEASON,F,2020,105,9,37,0,"2,481",189,0,0,
Troll,IN-SEASON,F,2020,106,0,0,0,0,0,0,0,
Troll,IN-SEASON,G,2020,123,30,253,0,0,0,0,"4,489",
Troll,IN-SEASON,G,2020,124,8,46,0,6,0,0,573,
Troll,IN-SEASON,G,2020,125,4,7,0,0,0,0,55,
Troll,IN-SEASON,G,2020,126,32,320,0,0,0,1,"4,067",
Troll,IN-SEASON,G,2020,127,27,195,0,0,0,0,"2,121",
Troll,IN-SEASON,F,2020,142,48,478,0,"3,013",129,22,"12,329",
Troll,IN-SEASON,F,2021,1,51,465,0,"9,881","4,107",0,"11,945",
Troll,IN-SEASON,F,2021,2,19,162,0,"2,229",122,2,"4,635",
Troll,IN-SEASON,F,2021,101,101,"1,689",73,"51,872","77,692",2,"30,631",
Troll,IN-SEASON,F,2021,142,37,430,0,"3,378",564,0,"17,259",
Troll,IN-SEASON,G,2021,123,16,175,0,0,2,94,"6,095",
Troll,IN-SEASON,G,2021,124,10,41,0,0,0,0,"1,037",
Troll,IN-SEASON,G,2021,125,6,31,0,0,25,77,788,
Troll,IN-SEASON,G,2021,126,19,282,0,51,32,193,"7,228",
Troll,IN-SEASON,G,2021,127,30,286,0,48,298,57,"10,077",
Troll,IN-SEASON,H,2021,29,1,1,,,,,,
Troll,IN-SEASON,F,2022,1,42,247,0,"10,856","3,242",0,"4,766",
Troll,IN-SEASON,F,2022,2,10,102,0,617,126,0,"3,708",
Troll,IN-SEASON,F,2022,101,94,"1,721",319,"88,889","83,933",2,"38,338",
Troll,IN-SEASON,F,2022,142,27,263,2,"2,546",483,0,"10,667",
Troll,IN-SEASON,G,2022,23,4,39,0,0,0,0,636,
Troll,IN-SEASON,G,2022,24,0,0,0,0,0,0,0,
Troll,IN-SEASON,G,2022,25,0,0,0,0,0,0,0,
Troll,IN-SEASON,G,2022,26,0,0,0,0,0,0,0,
Troll,IN-SEASON,G,2022,27,1,4,,,,,,
Troll,IN-SEASON,G,2022,123,20,206,31,1,0,0,"10,862",
Troll,IN-SEASON,G,2022,124,16,98,12,28,0,0,"5,324",
Troll,IN-SEASON,G,2022,125,0,0,0,0,0,0,0,
Troll,IN-SEASON,G,2022,126,13,50,0,0,0,0,"1,517",
Troll,IN-SEASON,G,2022,127,28,197,0,0,0,0,"6,347",
Troll,IN-SEASON,H,2022,12,0,0,0,0,0,0,0,
Troll,IN-SEASON,H,2022,13,12,67,0,0,1,"4,498",0,
Troll,IN-SEASON,H,2022,18,0,0,0,0,0,0,0,
Troll,IN-SEASON,H,2022,19,0,0,0,0,0,0,0,
Troll,IN-SEASON,H,2022,29,17,75,"15,547",0,0,0,0,
Troll,IN-SEASON,F,2023,1,34,246,0,"12,154",441,0,"6,842",
Troll,IN-SEASON,F,2023,2,19,184,0,"1,377",64,0,"7,817",
Troll,IN-SEASON,F,2023,101,84,"1,593",191,"89,206","116,004",8,"26,799",
Troll,IN-SEASON,F,2023,103,24,246,142,"12,909","51,591",0,0,
Troll,IN-SEASON,F,2023,142,29,265,0,"1,827",301,0,"10,319",
Troll,IN-SEASON,G,2023,23,9,165,0,0,0,0,"2,250",
Troll,IN-SEASON,G,2023,24,0,0,0,0,0,0,0,
Troll,IN-SEASON,G,2023,25,0,0,0,0,0,0,0,
Troll,IN-SEASON,G,2023,26,0,0,0,0,0,0,0,
Troll,IN-SEASON,G,2023,27,2,16,,,,,,
Troll,IN-SEASON,G,2023,123,21,94,0,0,9,0,"2,415",
Troll,IN-SEASON,G,2023,124,8,21,0,0,0,0,399,
Troll,IN-SEASON,G,2023,125,11,20,0,0,0,0,945,
Troll,IN-SEASON,G,2023,126,23,144,0,3,21,0,"10,046",
Troll,IN-SEASON,G,2023,127,14,84,0,0,0,0,"5,552",
Troll,IN-SEASON,H,2023,12,0,0,0,0,0,0,0,
Troll,IN-SEASON,H,2023,13,0,0,0,0,0,0,0,
Troll,IN-SEASON,H,2023,29,3,15,0,0,"3,180",0,0,