Year,Species.Group,Source,Species,Harvest,Landed Value,Wholesale Value
2022,Salmon,Farmed,Atlantic,84.258,837.628766,973.1649054
2022,Salmon,Farmed,Pacific,2.283,33.272532,50.72249313
2022,Salmon,Wild commercial,Chinook,1.366,10.63775,20.21200763
2022,Salmon,Wild commercial,Chum,0.942,4.289844,12.21932873
2022,Salmon,Wild commercial,Coho,0.498,2.912044,20.2631667
2022,Salmon,Wild commercial,Pink,1.81,1.529926,15.8804673
2022,Salmon,Wild commercial,Sockeye,3.618,20.88389,207.2357623
2023,Salmon,Farmed,Atlantic,47.562,463.819749,553.530887
2023,Salmon,Farmed,Pacific,2.503,40.49078,42.735627
2023,Salmon,Wild commercial,Chinook,1.487,11.027132,21.53264655
2023,Salmon,Wild commercial,Chum,0.485,1.247683,7.960072
2023,Salmon,Wild commercial,Coho,0.518,2.663207,26.038665
2023,Salmon,Wild commercial,Pink,3.563,2.029559,18.17650085
2023,Salmon,Wild commercial,Sockeye,1.213,6.418695,155.119708
2021,Groundfish,Wild commercial,"Arrowtooth flounders, wild",2.73,0.66,2.55
2021,Groundfish,Wild commercial,"Hake, wild",67.58,14.9,69.13
2021,Groundfish,Wild commercial,"Halibut, wild",3.21,43.54,89.88
2021,Groundfish,Wild commercial,"Lingcod, wild",1.26,4.79,9.98
2021,Groundfish,Wild commercial,"Other groundfish, wild",0.17,0.3,8.63
2021,Groundfish,Wild commercial,"Pacific cod, wild",0.72,1.15,6.42
2021,Groundfish,Wild commercial,"Pollock, wild",9.48,3.97,8.5
2021,Groundfish,Wild commercial,"Rockfish, wild",16.01,14.8,42.19
2021,Groundfish,Wild commercial,"Sablefish, wild",3.03,24.99,30.87
2021,Groundfish,Wild commercial,"Skates, wild",0.34,0.44,0.59
2021,Groundfish,Wild commercial,"Soles, wild",3.59,5.76,11.65
2021,Herring,Wild commercial,"Herring food, bait & other, wild",3.22,0.71,14.07
2021,Herring,Wild commercial,"Herring spawn-on-kelp, wild",0.14,2.67,2.47
2021,Herring,Wild commercial,"Roe herring, wild",10.24,6.29,29.75
2021,Invertebrates,Farmed,"Geoducks & other clams, farmed",0.99,8.44,11.44
2021,Invertebrates,Farmed,"Mussels, farmed",0.48,2.5,9.95
2021,Invertebrates,Farmed,"Oysters, farmed",8,20.06,32.27
2021,Invertebrates,Farmed,"Scallops & other invertebrates, farmed",0.04,1.09,5.71
2021,Invertebrates,Wild commercial,"Clams (excl. geoducks), wild",0.32,1.39,8.35
2021,Invertebrates,Wild commercial,"Crabs, wild",9.71,150.45,209.77
2021,Invertebrates,Wild commercial,"Geoducks, wild",1.29,43.15,52.9
2021,Invertebrates,Wild commercial,"Other invertebrates, wild",0.29,0.51,20.1
2021,Invertebrates,Wild commercial,"Prawns, wild",1.59,30.26,59.39
2021,Invertebrates,Wild commercial,"Sea cucumbers, wild",1.65,9.46,8.62
2021,Invertebrates,Wild commercial,"Sea urchins green, wild",0.29,1.25,2.96
2021,Invertebrates,Wild commercial,"Sea urchins red, wild",3.44,8.42,14.81
2021,Invertebrates,Wild commercial,"Shrimp, wild",0.17,1.52,4.1
2021,Other seafood,Farmed,"Other, farmed",14.98,20.94,40.2
2021,Other seafood,Wild commercial,"Other, wild",0.73,0.1,43.34
2021,Other seafood,Wild commercial,"Tuna, wild",2.4,18.31,51.02
2021,Salmon,Farmed,Atlantic,81.12,663.91,730.97
2021,Salmon,Farmed,Pacific,3.05,39.01,46.01
2021,Salmon,Wild commercial,Chinook,1.57,13.82,25.89
2021,Salmon,Wild commercial,Chum,0.32,0.92,9.92
2021,Salmon,Wild commercial,Coho,0.34,1.69,19.85
2021,Salmon,Wild commercial,"Other salmon products, wild",,,8.22
2021,Salmon,Wild commercial,Pink,1.49,1.05,7.17
2021,Salmon,Wild commercial,Sockeye,0.5,2.43,123.02
2020,Groundfish,Wild commercial,"Arrowtooth flounders, wild",3,1.21,2.72
2020,Groundfish,Wild commercial,"Hake, wild",99.9,33.31,83.54
2020,Groundfish,Wild commercial,"Halibut, wild",3.12,35.12,64.68
2020,Groundfish,Wild commercial,"Lingcod, wild",0.86,4.36,6.66
2020,Groundfish,Wild commercial,"Other groundfish, wild",0.17,0.27,5.26
2020,Groundfish,Wild commercial,"Pacific cod, wild",0.49,0.8,4.5
2020,Groundfish,Wild commercial,"Pollock, wild",7.08,2.86,7.31
2020,Groundfish,Wild commercial,"Rockfish, wild",14.62,16.44,32.97
2020,Groundfish,Wild commercial,"Sablefish, wild",2.4,20.61,20.62
2020,Groundfish,Wild commercial,"Skates, wild",0.27,0.25,1.18
2020,Groundfish,Wild commercial,"Soles, wild",2.84,3.31,9.79
2020,Herring,Wild commercial,"Herring food, bait & other, wild",3.05,0.59,12.76
2020,Herring,Wild commercial,"Herring spawn-on-kelp, wild",0.04,1.08,2.63
2020,Herring,Wild commercial,"Roe herring, wild",8.25,6.64,24.65
2020,Invertebrates,Farmed,"Geoducks & other clams, farmed",0.83,6.2,8.04
2020,Invertebrates,Farmed,"Mussels, farmed",0.55,3.41,2.05
2020,Invertebrates,Farmed,"Oysters, farmed",5.16,13.43,19.52
2020,Invertebrates,Farmed,"Scallops & other invertebrates, farmed",0.12,1.67,4.95
2020,Invertebrates,Wild commercial,"Clams (excl. geoducks), wild",0.2,0.82,4.22
2020,Invertebrates,Wild commercial,"Crabs, wild",9.29,93.24,120.38
2020,Invertebrates,Wild commercial,"Geoducks, wild",1.19,36.32,40.66
2020,Invertebrates,Wild commercial,"Other invertebrates, wild",0.24,0.49,13.1
2020,Invertebrates,Wild commercial,"Prawns, wild",2.05,26.58,40.44
2020,Invertebrates,Wild commercial,"Sea cucumbers, wild",1.58,7.92,12.31
2020,Invertebrates,Wild commercial,"Sea urchins green, wild",0.21,0.91,2.14
2020,Invertebrates,Wild commercial,"Sea urchins red, wild",3.69,9.65,14.81
2020,Invertebrates,Wild commercial,"Shrimp, wild",0.65,1.96,13.27
2020,Other seafood,Farmed,"Other, farmed",1.84,17.99,39.83
2020,Other seafood,Wild commercial,"Other, wild",0.69,0.29,32.58
2020,Other seafood,Wild commercial,"Tuna, wild",2.38,10.04,33.38
2020,Salmon,Farmed,Atlantic,89.23,605.02,710.52
2020,Salmon,Farmed,Pacific,2.44,29.7,44.83
2020,Salmon,Wild commercial,Chinook,1.33,9.92,16.49
2020,Salmon,Wild commercial,Chum,1.51,4.48,13.45
2020,Salmon,Wild commercial,Coho,0.39,1.89,23.8
2020,Salmon,Wild commercial,"Other salmon products, wild",,,1.54
2020,Salmon,Wild commercial,Pink,4.97,4.86,12.24
2020,Salmon,Wild commercial,Sockeye,0.29,1.02,126.6
2019,Groundfish,Wild commercial,"Arrowtooth flounders, wild",6.81,3.65,9.99
2019,Groundfish,Wild commercial,"Hake, wild",99.69,43.01,105.45
2019,Groundfish,Wild commercial,"Halibut, wild",3.17,46.3,71.43
2019,Groundfish,Wild commercial,"Lingcod, wild",0.96,5.91,9.46
2019,Groundfish,Wild commercial,"Other groundfish, wild",0.24,0.35,8.57
2019,Groundfish,Wild commercial,"Pacific cod, wild",0.49,0.83,4.26
2019,Groundfish,Wild commercial,"Pollock, wild",6.25,2.32,7.38
2019,Groundfish,Wild commercial,"Rockfish, wild",15.57,19.42,42.49
2019,Groundfish,Wild commercial,"Sablefish, wild",2.48,28.74,34.61
2019,Groundfish,Wild commercial,"Skates, wild",0.32,0.23,0.53
2019,Groundfish,Wild commercial,"Soles, wild",2.75,3.98,9.11
2019,Herring,Wild commercial,"Herring food, bait & other, wild",4.62,0.81,14.22
2019,Herring,Wild commercial,"Herring spawn-on-kelp, wild",0.17,6.24,2.54
2019,Herring,Wild commercial,"Roe herring, wild",14.11,8.02,22.79
2019,Invertebrates,Farmed,"Geoducks & other clams, farmed",1.11,9.37,31.3
2019,Invertebrates,Farmed,"Mussels, farmed",0.73,4.87,3.25
2019,Invertebrates,Farmed,"Oysters, farmed",7.78,17.74,28.32
2019,Invertebrates,Farmed,"Scallops & other invertebrates, farmed",0.08,1.08,2.79
2019,Invertebrates,Wild commercial,"Clams (excl. geoducks), wild",0.38,1.51,14.09
2019,Invertebrates,Wild commercial,"Crabs, wild",8.33,92.04,173.13
2019,Invertebrates,Wild commercial,"Geoducks, wild",1.35,54.9,54.84
2019,Invertebrates,Wild commercial,"Other invertebrates, wild",0.25,0.42,15.98
2019,Invertebrates,Wild commercial,"Prawns, wild",1.98,33.72,61.04
2019,Invertebrates,Wild commercial,"Sea cucumbers, wild",1.69,9.87,12.3
2019,Invertebrates,Wild commercial,"Sea urchins green, wild",0.24,1.23,1.98
2019,Invertebrates,Wild commercial,"Sea urchins red, wild",2.93,7.08,24.13
2019,Invertebrates,Wild commercial,"Shrimp, wild",0.96,3.89,16.65
2019,Other seafood,Farmed,"Other, farmed",1.72,19.22,40.64
2019,Other seafood,Wild commercial,"Other, wild",0.53,0.16,37.7
2019,Other seafood,Wild commercial,"Tuna, wild",2.4,11.62,38.42
2019,Salmon,Farmed,Atlantic,86.49,635.28,706.98
2019,Salmon,Farmed,Pacific,2.39,32.33,43.02
2019,Salmon,Wild commercial,Chinook,1.35,7.88,16.2
2019,Salmon,Wild commercial,Chum,1.19,2.84,15.11
2019,Salmon,Wild commercial,Coho,0.63,3.96,24.28
2019,Salmon,Wild commercial,"Other salmon products, wild",,,3.34
2019,Salmon,Wild commercial,Pink,1.45,0.78,7.41
2019,Salmon,Wild commercial,Sockeye,0.18,0.95,87.35
2018,Groundfish,Wild commercial,"Arrowtooth flounders, wild",9.46,6.81,17.5
2018,Groundfish,Wild commercial,"Hake, wild",102.24,51.33,97.2
2018,Groundfish,Wild commercial,"Halibut, wild",3.33,46.43,65.9
2018,Groundfish,Wild commercial,"Lingcod, wild",1.09,7.42,10.42
2018,Groundfish,Wild commercial,"Other groundfish, wild",0.26,0.38,7.37
2018,Groundfish,Wild commercial,"Pacific cod, wild",0.28,0.5,5.9
2018,Groundfish,Wild commercial,"Pollock, wild",3.36,1.23,3.75
2018,Groundfish,Wild commercial,"Rockfish, wild",15.82,20.57,45.49
2018,Groundfish,Wild commercial,"Sablefish, wild",2.3,29.34,32.72
2018,Groundfish,Wild commercial,"Skates, wild",0.3,0.32,0.4
2018,Groundfish,Wild commercial,"Soles, wild",3.05,3.54,9.27
2018,Herring,Wild commercial,"Herring food, bait & other, wild",5.59,0.93,16.01
2018,Herring,Wild commercial,"Herring spawn-on-kelp, wild",0.15,4.28,0.45
2018,Herring,Wild commercial,"Roe herring, wild",13.58,9.77,38.86
2018,Invertebrates,Farmed,"Geoducks & other clams, farmed",1.16,8.7,10.78
2018,Invertebrates,Farmed,"Mussels & other invertebrates, farmed",0.58,3.43,4.89
2018,Invertebrates,Farmed,"Oysters, farmed",7.19,14.11,23.62
2018,Invertebrates,Wild commercial,"Clams (excl. geoducks), wild",0.37,1.42,13.17
2018,Invertebrates,Wild commercial,"Crabs, wild",4.79,60.47,113.54
2018,Invertebrates,Wild commercial,"Geoducks, wild",1.38,50.27,47.54
2018,Invertebrates,Wild commercial,"Other invertebrates, wild",0.13,0.31,14.01
2018,Invertebrates,Wild commercial,"Prawns, wild",1.66,49.1,58.12
2018,Invertebrates,Wild commercial,"Sea cucumbers, wild",1.69,8.75,12.47
2018,Invertebrates,Wild commercial,"Sea urchins green, wild",0.24,1.3,3.21
2018,Invertebrates,Wild commercial,"Sea urchins red, wild",2.67,6.26,19.11
2018,Invertebrates,Wild commercial,"Shrimp, wild",0.43,2.24,5.16
2018,Other seafood,Farmed,"Other, farmed",1.83,19.89,39.86
2018,Other seafood,Wild commercial,"Other, wild",0.94,0.07,19.32
2018,Other seafood,Wild commercial,"Tuna, wild",2.72,14.57,46.04
2018,Salmon,Farmed,Atlantic,84.45,743.31,836.18
2018,Salmon,Farmed,Pacific,2.56,35.35,45.83
2018,Salmon,Wild commercial,Chinook,1.15,10.88,17.75
2018,Salmon,Wild commercial,Chum,4.15,13.41,31.28
2018,Salmon,Wild commercial,Coho,0.74,3.83,27.27
2018,Salmon,Wild commercial,"Other salmon products, wild",,,1.66
2018,Salmon,Wild commercial,Pink,0.62,0.58,5.34
2018,Salmon,Wild commercial,Sockeye,11.35,63.31,176.27
2017,Groundfish,Wild commercial,"Arrowtooth flounders, wild",10.11,9.99,18
2017,Groundfish,Wild commercial,"Dogfish, wild",0.1,0.01,0.07
2017,Groundfish,Wild commercial,"Hake, wild",88.11,42.81,60.25
2017,Groundfish,Wild commercial,"Halibut, wild",3.81,64.48,70.45
2017,Groundfish,Wild commercial,"Lingcod, wild",1.27,8.78,10.92
2017,Groundfish,Wild commercial,"Other groundfish, wild",0.06,0.39,12.52
2017,Groundfish,Wild commercial,"Pacific Cod, wild",0.58,0.98,5.06
2017,Groundfish,Wild commercial,"Pollock, wild",3.38,1.5,4.55
2017,Groundfish,Wild commercial,"Rockfish, wild",16.82,24.1,32.85
2017,Groundfish,Wild commercial,"Sablefish, wild",1.88,29.33,33.24
2017,Groundfish,Wild commercial,"Skates, wild",0.44,0.57,0.74
2017,Groundfish,Wild commercial,"Soles, wild",3.09,4.39,8.56
2017,Herring,Wild commercial,"Herring food, bait & other, wild",7,1.15,20.52
2017,Herring,Wild commercial,"Herring spawn-on-kelp, wild",0.24,7.21,11.01
2017,Herring,Wild commercial,"Roe herring, wild",20.44,9.4,43.17
2017,Invertebrates,Farmed,"Geoducks & other clams, farmed",1.28,7.11,13.15
2017,Invertebrates,Farmed,"Mussels & other invertebrates, farmed",0.34,1.72,10.6
2017,Invertebrates,Farmed,"Oysters, farmed",8.23,14.62,28.41
2017,Invertebrates,Wild commercial,"Clams (excl. geoducks), wild",0.43,1.57,7.92
2017,Invertebrates,Wild commercial,"Crabs, wild",3.82,46.63,88.66
2017,Invertebrates,Wild commercial,"Geoducks, wild",1.44,50.4,49.34
2017,Invertebrates,Wild commercial,"Other invertebrates, wild",0.12,0.2,10.62
2017,Invertebrates,Wild commercial,"Prawns, wild",1.18,25.7,44.14
2017,Invertebrates,Wild commercial,"Sea cucumbers, wild",1.73,9.38,12.13
2017,Invertebrates,Wild commercial,"Sea urchins green, wild",0.21,1.08,2.11
2017,Invertebrates,Wild commercial,"Sea urchins red, wild",2.93,6.63,15.19
2017,Invertebrates,Wild commercial,"Shrimp, wild",0.33,2.04,5.79
2017,Other seafood,Farmed,"Other, farmed",1.65,17.81,40.7
2017,Other seafood,Wild commercial,"Other, wild",0.47,0.15,6.51
2017,Other seafood,Wild commercial,"Tuna, wild",1.83,16.51,53.45
2017,Salmon,Farmed,Atlantic,83.05,694.94,797.89
2017,Salmon,Farmed,Pacific,2.58,33.65,44.26
2017,Salmon,Wild commercial,Chinook,1.64,16.58,26.58
2017,Salmon,Wild commercial,Chum,7.4,22.61,44.52
2017,Salmon,Wild commercial,Coho,1.26,6.45,24.21
2017,Salmon,Wild commercial,"Other salmon products, wild",,,1.73
2017,Salmon,Wild commercial,Pink,3.69,3.45,13.01
2017,Salmon,Wild commercial,Sockeye,0.46,2.25,92.07
2016,Groundfish,Wild commercial,"Arrowtooth flounders, wild",11,3.2,14.7
2016,Groundfish,Wild commercial,"Dogfish, wild",0.2,0.1,0.5
2016,Groundfish,Wild commercial,"Hake, wild",78.3,18.3,70
2016,Groundfish,Wild commercial,"Halibut, wild",3.7,58.3,94.6
2016,Groundfish,Wild commercial,"Lingcod, wild",1.3,6.8,12.1
2016,Groundfish,Wild commercial,"Other groundfish, wild",1,2.9,16.6
2016,Groundfish,Wild commercial,"Pacific cod, wild",0.9,2,5
2016,Groundfish,Wild commercial,"Pollock, wild",2.2,1.1,5
2016,Groundfish,Wild commercial,"Rockfish, wild",16.7,27.6,51.6
2016,Groundfish,Wild commercial,"Sablefish, wild",1.9,27.6,35
2016,Groundfish,Wild commercial,"Soles, wild",3,3.8,9.2
2016,Herring,Wild commercial,"Herring food & bait, wild",7.6,4.5,8.8
2016,Herring,Wild commercial,"Herring spawn-on-kelp, wild",0.19,5,5.7
2016,Herring,Wild commercial,"Roe herring, wild",16.1,13,38.9
2016,Invertebrates,Farmed,"Geoducks & other clams, farmed",1,5.9,13.9
2016,Invertebrates,Farmed,"Oysters, farmed",9.3,15.3,31.4
2016,Invertebrates,Farmed,"Scallops & other invertebrates, farmed",0.7,3.5,5.9
2016,Invertebrates,Wild commercial,"Clams (excl. geoducks), wild",0.4,1.4,8.3
2016,Invertebrates,Wild commercial,"Crabs, wild",3.4,44.5,82.7
2016,Invertebrates,Wild commercial,"Geoducks, wild",1.1,32.8,38.7
2016,Invertebrates,Wild commercial,"Other invertebrates, wild",0.3,0.3,7.5
2016,Invertebrates,Wild commercial,"Prawns, wild",1.2,21.4,38.6
2016,Invertebrates,Wild commercial,"Scallops, wild",0.01,0.1,2
2016,Invertebrates,Wild commercial,"Sea cucumbers, wild",1.6,8.4,9.3
2016,Invertebrates,Wild commercial,"Sea urchins green, wild",0.22,1.1,2.5
2016,Invertebrates,Wild commercial,"Sea urchins red, wild",3.3,7,17.6
2016,Invertebrates,Wild commercial,"Shrimp, wild",3.5,7.8,16.3
2016,Other seafood,Farmed,"Other, farmed",1.7,13.4,38.3
2016,Other seafood,Wild commercial,"Other, wild",3.1,21.9,73.7
2016,Salmon,Farmed,Atlantic,90.5,713.1,758.4
2016,Salmon,Farmed,Pacific,2.3,30.2,39
2016,Salmon,Wild commercial,Chinook,1.7,21.5,26.6
2016,Salmon,Wild commercial,Chum,15.9,30.2,54.4
2016,Salmon,Wild commercial,Coho,1,5.1,28.6
2016,Salmon,Wild commercial,"Other salmon products, wild",,,3.5
2016,Salmon,Wild commercial,Pink,3.5,2.8,13.6
2016,Salmon,Wild commercial,Sockeye,2.6,18.3,85.7
2015,Groundfish,Wild commercial,"Arrowtooth flounders, wild",10.4,2.3,8.1
2015,Groundfish,Wild commercial,"Dogfish, wild",0.4,0.2,1
2015,Groundfish,Wild commercial,"Hake, wild",41.6,8,34.9
2015,Groundfish,Wild commercial,"Halibut, wild",3.7,53.8,98.1
2015,Groundfish,Wild commercial,"Lingcod, wild",1.7,8.5,13.1
2015,Groundfish,Wild commercial,"Other groundfish, wild",0.7,1.6,13.4
2015,Groundfish,Wild commercial,"Pacific cod, wild",1.5,2,6.2
2015,Groundfish,Wild commercial,"Pollock, wild",4.5,1.9,6.9
2015,Groundfish,Wild commercial,"Rockfish, wild",17.3,26.7,53.2
2015,Groundfish,Wild commercial,"Sablefish, wild",2.7,30.8,34.8
2015,Groundfish,Wild commercial,"Soles, wild",3.1,3.8,8.7
2015,Herring,Wild commercial,"Herring food & bait, wild",7.9,3.3,10.5
2015,Herring,Wild commercial,"Herring spawn-on-kelp, wild",0.12,2.8,3.3
2015,Herring,Wild commercial,"Roe herring, wild",14.5,9.4,35.5
2015,Invertebrates,Farmed,"Geoducks & other clams, farmed",1.1,6.7,13.1
2015,Invertebrates,Farmed,"Oysters, farmed",9.2,14.7,28.5
2015,Invertebrates,Farmed,"Scallops & other invertebrates, farmed",0.7,4.2,10
2015,Invertebrates,Wild commercial,"Clams (excl. geoducks), wild",0.4,1.3,3.6
2015,Invertebrates,Wild commercial,"Crabs, wild",4.3,55.1,68.2
2015,Invertebrates,Wild commercial,"Geoducks, wild",1.4,32.1,39.9
2015,Invertebrates,Wild commercial,"Other invertebrates, wild",0.2,0.6,6.4
2015,Invertebrates,Wild commercial,"Prawns, wild",1.8,28.9,39.6
2015,Invertebrates,Wild commercial,"Scallops, wild",0.01,0.1,1.1
2015,Invertebrates,Wild commercial,"Sea cucumbers, wild",1.7,6.8,7.7
2015,Invertebrates,Wild commercial,"Sea urchins green, wild",0.17,0.8,2.3
2015,Invertebrates,Wild commercial,"Sea urchins red, wild",3.9,5.7,20.2
2015,Invertebrates,Wild commercial,"Shrimp, wild",4.4,13.8,24.2
2015,Other seafood,Farmed,"Other, farmed",1.2,8.8,29.9
2015,Other seafood,Wild commercial,"Other, wild",5.3,15.3,54.3
2015,Salmon,Farmed,Atlantic,89.8,441.6,485.9
2015,Salmon,Farmed,Pacific,3.2,31.9,45.5
2015,Salmon,Wild commercial,Chinook,1.5,17,25
2015,Salmon,Wild commercial,Chum,11.4,18.9,30.3
2015,Salmon,Wild commercial,Coho,0.9,4.3,22.8
2015,Salmon,Wild commercial,"Other salmon products, wild",,,2
2015,Salmon,Wild commercial,Pink,2.6,1.6,11.9
2015,Salmon,Wild commercial,Sockeye,4.4,20.1,91.4
2014,Groundfish,Wild commercial,"Arrowtooth flounders, wild",11.8,2.6,7.6
2014,Groundfish,Wild commercial,"Dogfish, wild",0.2,0.1,0.3
2014,Groundfish,Wild commercial,"Hake, wild",37.4,9,27.2
2014,Groundfish,Wild commercial,"Halibut, wild",3.6,46.9,105.5
2014,Groundfish,Wild commercial,"Lingcod, wild",1.4,6.7,12
2014,Groundfish,Wild commercial,"Other groundfish, wild",0.9,1.9,17.5
2014,Groundfish,Wild commercial,"Pacific cod, wild",1.3,1.8,8.3
2014,Groundfish,Wild commercial,"Pollock, wild",7.6,2.4,8.7
2014,Groundfish,Wild commercial,"Rockfish, wild",16.2,24.3,46.1
2014,Groundfish,Wild commercial,"Sablefish, wild",1.8,16.6,27.7
2014,Groundfish,Wild commercial,"Soles, wild",3.7,4.4,10.8
2014,Herring,Wild commercial,"Herring food & bait, wild",5.6,2,7.4
2014,Herring,Wild commercial,"Herring spawn-on-kelp, wild",0.18,3.1,3.9
2014,Herring,Wild commercial,"Roe herring, wild",15,10.6,31.9
2014,Invertebrates,Farmed,"Geoducks & other clams, farmed",1.3,6,11.5
2014,Invertebrates,Farmed,"Oysters, farmed",8.2,13,29.7
2014,Invertebrates,Farmed,"Scallops & other invertebrates, farmed",0.7,3.1,9.3
2014,Invertebrates,Wild commercial,"Clams (excl. geoducks), wild",0.4,1,3.3
2014,Invertebrates,Wild commercial,"Crabs, wild",3.9,46.7,68.8
2014,Invertebrates,Wild commercial,"Geoducks, wild",1.5,40.5,43.8
2014,Invertebrates,Wild commercial,"Other invertebrates, wild",0.1,0.3,4.9
2014,Invertebrates,Wild commercial,"Prawns, wild",1.6,39,57.5
2014,Invertebrates,Wild commercial,"Scallops, wild",0.01,0.1,0.8
2014,Invertebrates,Wild commercial,"Sea cucumbers, wild",1.7,6.8,8.5
2014,Invertebrates,Wild commercial,"Sea urchins green, wild",0.14,0.5,1.5
2014,Invertebrates,Wild commercial,"Sea urchins red, wild",3.7,4.9,15.4
2014,Invertebrates,Wild commercial,"Shrimp, wild",0.5,2.2,7.2
2014,Other seafood,Farmed,"Other, farmed",1.5,12.9,31.7
2014,Other seafood,Wild commercial,"Other, wild",5.1,16.4,62.2
2014,Salmon,Farmed,Atlantic,64.1,364.5,409.3
2014,Salmon,Farmed,Pacific,3.6,34,46.3
2014,Salmon,Wild commercial,Chinook,2.4,18.7,25
2014,Salmon,Wild commercial,Chum,4.5,8.9,23.3
2014,Salmon,Wild commercial,Coho,0.9,3.3,23.1
2014,Salmon,Wild commercial,"Other salmon products, wild",,,1.9
2014,Salmon,Wild commercial,Pink,6.7,4.6,24.8
2014,Salmon,Wild commercial,Sockeye,28.1,102.4,209.2
2013,Groundfish,Wild commercial,"Arrowtooth flounders, wild",8.3,1.8,5.3
2013,Groundfish,Wild commercial,"Dogfish, wild",0.4,0.2,0.5
2013,Groundfish,Wild commercial,"Hake, wild",54.1,16.6,52
2013,Groundfish,Wild commercial,"Halibut, wild",3.7,40.3,110.7
2013,Groundfish,Wild commercial,"Lingcod, wild",1.6,5.3,10.4
2013,Groundfish,Wild commercial,"Other groundfish, wild",1,1.4,25.3
2013,Groundfish,Wild commercial,"Pacific cod, wild",1.3,1.7,5.5
2013,Groundfish,Wild commercial,"Pollock, wild",3.4,1.1,3.9
2013,Groundfish,Wild commercial,"Rockfish, wild",17.5,22.9,40
2013,Groundfish,Wild commercial,"Sablefish, wild",2,15.4,25.8
2013,Groundfish,Wild commercial,"Soles, wild",4.6,5,11.8
2013,Herring,Wild commercial,"Herring food & bait, wild",7.1,2.3,8.7
2013,Herring,Wild commercial,"Herring spawn-on-kelp, wild",0.06,1.8,2
2013,Herring,Wild commercial,"Roe herring, wild",14,12.9,35
2013,Invertebrates,Farmed,"Geoducks & other clams, farmed",1.2,7.1,11.2
2013,Invertebrates,Farmed,"Oysters, farmed",6.7,12.9,24.6
2013,Invertebrates,Farmed,"Scallops & other invertebrates, farmed",0.4,2.6,4.6
2013,Invertebrates,Wild commercial,"Clams (excl. geoducks), wild",0.4,1.2,3
2013,Invertebrates,Wild commercial,"Crabs, wild",3.5,36.2,64.2
2013,Invertebrates,Wild commercial,"Geoducks, wild",1.5,38.3,48.2
2013,Invertebrates,Wild commercial,"Other invertebrates, wild",0.3,0.5,3.9
2013,Invertebrates,Wild commercial,"Prawns, wild",1.7,35.3,53.2
2013,Invertebrates,Wild commercial,"Scallops, wild",0.01,0.1,3.1
2013,Invertebrates,Wild commercial,"Sea cucumbers, wild",1.7,6.4,7.4
2013,Invertebrates,Wild commercial,"Sea urchins green, wild",0.18,0.6,1.6
2013,Invertebrates,Wild commercial,"Sea urchins red, wild",3.4,4.4,12.9
2013,Invertebrates,Wild commercial,"Shrimp, wild",0.7,2.7,9
2013,Other seafood,Farmed,"Other, farmed",1.6,12.1,22.9
2013,Other seafood,Wild commercial,"Other, wild",5.4,24.7,63.2
2013,Salmon,Farmed,Atlantic,58.3,385.6,410.2
2013,Salmon,Farmed,Pacific,4.1,30.7,51.6
2013,Salmon,Wild commercial,Chinook,1.1,8.7,12.3
2013,Salmon,Wild commercial,Chum,8.6,11.2,28.5
2013,Salmon,Wild commercial,Coho,1.8,8.3,27.5
2013,Salmon,Wild commercial,"Other salmon products, wild",,,1.7
2013,Salmon,Wild commercial,Pink,19.5,13.7,39.2
2013,Salmon,Wild commercial,Sockeye,0.6,3.3,69.3
2012,Groundfish,Wild commercial,"Arrowtooth flounders, wild",5.2,1.4,4.8
2012,Groundfish,Wild commercial,"Dogfish, wild",0.9,0.5,2
2012,Groundfish,Wild commercial,"Hake, wild",46.9,16.5,48.6
2012,Groundfish,Wild commercial,"Halibut, wild",3.7,40.7,107.8
2012,Groundfish,Wild commercial,"Lingcod, wild",1.5,5.1,9
2012,Groundfish,Wild commercial,"Other groundfish, wild",1.1,1.5,17.5
2012,Groundfish,Wild commercial,"Pacific cod, wild",1.3,1.7,3.9
2012,Groundfish,Wild commercial,"Pollock, wild",5.1,2,6.8
2012,Groundfish,Wild commercial,"Rockfish, wild",16.6,22.4,44.6
2012,Groundfish,Wild commercial,"Sablefish, wild",2.3,25.7,26.4
2012,Groundfish,Wild commercial,"Soles, wild",4.9,5.9,11.5
2012,Herring,Wild commercial,"Herring food & bait, wild",4.4,1.3,4.9
2012,Herring,Wild commercial,"Herring spawn-on-kelp, wild",0.07,1.3,1.6
2012,Herring,Wild commercial,"Roe herring, wild",8.6,9.9,32
2012,Invertebrates,Farmed,"Geoducks & other clams, farmed",1.3,6.5,10.3
2012,Invertebrates,Farmed,"Oysters, farmed",7.2,10.3,20.2
2012,Invertebrates,Farmed,"Scallops & other invertebrates, farmed",0.4,2.2,4.1
2012,Invertebrates,Wild commercial,"Clams (excl. geoducks), wild",0.4,1.1,3.7
2012,Invertebrates,Wild commercial,"Crabs, wild",3.4,31.1,62.7
2012,Invertebrates,Wild commercial,"Geoducks, wild",1.5,47.8,48.5
2012,Invertebrates,Wild commercial,"Other invertebrates, wild",0.3,0.6,4
2012,Invertebrates,Wild commercial,"Prawns, wild",1.8,33.3,53.9
2012,Invertebrates,Wild commercial,"Scallops, wild",0.01,0.1,2.2
2012,Invertebrates,Wild commercial,"Sea cucumbers, wild",1.7,5.8,8.6
2012,Invertebrates,Wild commercial,"Sea urchins green, wild",0.11,0.4,1.2
2012,Invertebrates,Wild commercial,"Sea urchins red, wild",3,3.9,11.5
2012,Invertebrates,Wild commercial,"Shrimp, wild",0.7,2.3,5.6
2012,Other seafood,Farmed,"Other, farmed",0.7,7.5,15.8
2012,Other seafood,Wild commercial,"Other, wild",22,16.1,62.2
2012,Salmon,Farmed,Atlantic,75.1,385.1,442.9
2012,Salmon,Farmed,Pacific,4.9,24,31.7
2012,Salmon,Wild commercial,Chinook,1.2,9.2,19
2012,Salmon,Wild commercial,Chum,6.3,8.2,38.1
2012,Salmon,Wild commercial,Coho,0.9,3.7,23.5
2012,Salmon,Wild commercial,"Other salmon products, wild",,,0.5
2012,Salmon,Wild commercial,Pink,1.2,0.9,13.2
2012,Salmon,Wild commercial,Sockeye,3.6,12.4,74.1
2011,Groundfish,Wild commercial,"Arrowtooth flounders, wild",5,1.1,3.2
2011,Groundfish,Wild commercial,"Dogfish, wild",1,0.7,1.4
2011,Groundfish,Wild commercial,"Hake, wild",55.4,16.3,50.5
2011,Groundfish,Wild commercial,"Halibut, wild",4.1,47.2,129.9
2011,Groundfish,Wild commercial,"Lingcod, wild",1.7,4.7,8.3
2011,Groundfish,Wild commercial,"Other groundfish, wild",1.4,1.8,16.7
2011,Groundfish,Wild commercial,"Pacific cod, wild",1.9,2.1,4.4
2011,Groundfish,Wild commercial,"Pollock, wild",4,1.1,6.1
2011,Groundfish,Wild commercial,"Rockfish, wild",18,22.7,45
2011,Groundfish,Wild commercial,"Sablefish, wild",2.1,26.3,34.3
2011,Groundfish,Wild commercial,"Soles, wild",5,5.5,12.8
2011,Herring,Wild commercial,"Herring food & bait, wild",4.1,1.3,3.1
2011,Herring,Wild commercial,"Herring spawn-on-kelp, wild",0.1,1,1.3
2011,Herring,Wild commercial,"Roe herring, wild",6.6,4,25.8
2011,Invertebrates,Farmed,"Geoducks & other clams, farmed",1.3,7,10.6
2011,Invertebrates,Farmed,"Oysters, farmed",7.3,9.1,14.3
2011,Invertebrates,Farmed,"Scallops & other invertebrates, farmed",0.5,3.2,4.3
2011,Invertebrates,Wild commercial,"Clams (excl. geoducks), wild",0.5,1,3.7
2011,Invertebrates,Wild commercial,"Crabs, wild",3.4,31.2,59.4
2011,Invertebrates,Wild commercial,"Geoducks, wild",1.6,40,45.6
2011,Invertebrates,Wild commercial,"Other invertebrates, wild",0.2,0.5,3
2011,Invertebrates,Wild commercial,"Prawns, wild",2.8,46.4,69.7
2011,Invertebrates,Wild commercial,"Scallops, wild",0.01,0.1,1.6
2011,Invertebrates,Wild commercial,"Sea cucumbers, wild",1.7,5.5,10.8
2011,Invertebrates,Wild commercial,"Sea urchins green, wild",0.06,0.2,0.7
2011,Invertebrates,Wild commercial,"Sea urchins red, wild",2.5,3.2,7.5
2011,Invertebrates,Wild commercial,"Shrimp, wild",0.6,2.1,4.8
2011,Other seafood,Farmed,"Other, farmed",1.2,10.5,16.6
2011,Other seafood,Wild commercial,"Other, wild",26.4,33.9,75.8
2011,Salmon,Farmed,Atlantic,79.4,408.9,457.6
2011,Salmon,Farmed,Pacific,3.8,26.8,49.4
2011,Salmon,Wild commercial,Chinook,1.5,11,21.4
2011,Salmon,Wild commercial,Chum,5.8,10.7,31.8
2011,Salmon,Wild commercial,Coho,1.2,4.9,24.5
2011,Salmon,Wild commercial,"Other salmon products, wild",,,0.6
2011,Salmon,Wild commercial,Pink,9.1,8.7,37.6
2011,Salmon,Wild commercial,Sockeye,3.1,12.7,105.7
2010,Groundfish,Wild commercial,"Arrowtooth flounders, wild",3.4,1.5,2.5
2010,Groundfish,Wild commercial,"Dogfish, wild",1.9,1,3.9
2010,Groundfish,Wild commercial,"Hake, wild",55.6,16.9,52.2
2010,Groundfish,Wild commercial,"Halibut, wild",4.1,37.5,121.9
2010,Groundfish,Wild commercial,"Lingcod, wild",1.6,3.7,8.3
2010,Groundfish,Wild commercial,"Other groundfish, wild",1.1,1.2,14.4
2010,Groundfish,Wild commercial,"Pacific cod, wild",2,2.5,3.8
2010,Groundfish,Wild commercial,"Pollock, wild",3.7,1.2,3.7
2010,Groundfish,Wild commercial,"Rockfish, wild",17.9,20,36
2010,Groundfish,Wild commercial,"Sablefish, wild",2.4,22.5,26
2010,Groundfish,Wild commercial,"Soles, wild",3.9,3.5,8.9
2010,Herring,Wild commercial,"Herring food & bait, wild",0.8,0.5,3.2
2010,Herring,Wild commercial,"Herring spawn-on-kelp, wild",0.11,0.8,1.1
2010,Herring,Wild commercial,"Roe herring, wild",9.3,10.6,38.7
2010,Invertebrates,Farmed,"Geoducks & other clams, farmed",1.5,8.1,10.3
2010,Invertebrates,Farmed,"Oysters, farmed",7.6,9,14.5
2010,Invertebrates,Farmed,"Scallops & other invertebrates, farmed",1,4.9,5.1
2010,Invertebrates,Wild commercial,"Clams (excl. geoducks), wild",0.9,2,3.9
2010,Invertebrates,Wild commercial,"Crabs, wild",5.2,36.8,76.1
2010,Invertebrates,Wild commercial,"Geoducks, wild",1.6,40.9,51.8
2010,Invertebrates,Wild commercial,"Other invertebrates, wild",0.3,0.5,3
2010,Invertebrates,Wild commercial,"Prawns, wild",2.2,22.9,37.9
2010,Invertebrates,Wild commercial,"Scallops, wild",0.01,0.1,0.2
2010,Invertebrates,Wild commercial,"Sea cucumbers, wild",1.5,4.4,6.4
2010,Invertebrates,Wild commercial,"Sea urchins green, wild",0.11,0.4,0.8
2010,Invertebrates,Wild commercial,"Sea urchins red, wild",2.2,2.8,8.2
2010,Invertebrates,Wild commercial,"Shrimp, wild",0.5,1.8,4.3
2010,Other seafood,Farmed,"Other, farmed",2.8,16.9,18.7
2010,Other seafood,Wild commercial,"Other, wild",29,28.1,74.5
2010,Salmon,Farmed,Atlantic,74.5,470.3,502.8
2010,Salmon,Farmed,Pacific,4.2,29.4,47.6
2010,Salmon,Wild commercial,Chinook,1.2,9.6,18.5
2010,Salmon,Wild commercial,Chum,0.5,0.9,9.7
2010,Salmon,Wild commercial,Coho,0.6,2.6,20.5
2010,Salmon,Wild commercial,"Other salmon products, wild",,,1
2010,Salmon,Wild commercial,Pink,1.3,0.7,16.8
2010,Salmon,Wild commercial,Sockeye,20,56.8,174.4
2009,Groundfish,Wild commercial,"Arrowtooth flounders, wild",3.9,1.5,3
2009,Groundfish,Wild commercial,"Dogfish, wild",4.3,2,7.7
2009,Groundfish,Wild commercial,"Hake, wild",56.2,14.2,51.4
2009,Groundfish,Wild commercial,"Halibut, wild",4.1,31.5,133.1
2009,Groundfish,Wild commercial,"Lingcod, wild",2.1,4.5,8.9
2009,Groundfish,Wild commercial,"Other groundfish, wild",0.9,1.5,12.7
2009,Groundfish,Wild commercial,"Pacific cod, wild",1,1.5,3.2
2009,Groundfish,Wild commercial,"Pollock, wild",3.4,2,5.6
2009,Groundfish,Wild commercial,"Rockfish, wild",18.1,22.5,37.2
2009,Groundfish,Wild commercial,"Sablefish, wild",2.6,24,29.9
2009,Groundfish,Wild commercial,"Soles, wild",4.2,3.5,8.6
2009,Herring,Wild commercial,"Herring food & bait, wild",0.6,0.5,3.2
2009,Herring,Wild commercial,"Herring spawn-on-kelp, wild",0.13,1.6,2.2
2009,Herring,Wild commercial,"Roe herring, wild",11.6,15.5,59.9
2009,Invertebrates,Farmed,"Geoducks & other clams, farmed",1.4,7.4,12.6
2009,Invertebrates,Farmed,"Oysters, farmed",5.7,7,14
2009,Invertebrates,Farmed,"Scallops & other invertebrates, farmed",0.7,3.1,3.7
2009,Invertebrates,Wild commercial,"Clams (excl. geoducks), wild",0.8,2,2.9
2009,Invertebrates,Wild commercial,"Crabs, wild",5.6,32.2,56.3
2009,Invertebrates,Wild commercial,"Geoducks, wild",1.6,31.8,42.7
2009,Invertebrates,Wild commercial,"Other invertebrates, wild",0.1,0.4,2.6
2009,Invertebrates,Wild commercial,"Prawns, wild",3.4,33,50.6
2009,Invertebrates,Wild commercial,"Scallops, wild",0.02,0.2,0.3
2009,Invertebrates,Wild commercial,"Sea cucumbers, wild",1.5,3,6.3
2009,Invertebrates,Wild commercial,"Sea urchins green, wild",0.11,0.4,1.2
2009,Invertebrates,Wild commercial,"Sea urchins red, wild",2.1,2.6,8.5
2009,Invertebrates,Wild commercial,"Shrimp, wild",0.7,1.3,4.9
2009,Other seafood,Farmed,"Other, farmed",2,11.1,12.3
2009,Other seafood,Wild commercial,"Other, wild",21.3,20.2,49.6
2009,Salmon,Farmed,Atlantic,72.7,370.5,461
2009,Salmon,Farmed,Pacific,3.6,23.7,32.5
2009,Salmon,Wild commercial,Chinook,0.9,7.1,16.1
2009,Salmon,Wild commercial,Chum,2.7,4.3,21.3
2009,Salmon,Wild commercial,Coho,0.8,3,23.9
2009,Salmon,Wild commercial,"Other salmon products, wild",,,1.2
2009,Salmon,Wild commercial,Pink,13.4,6.7,41.8
2009,Salmon,Wild commercial,Sockeye,0.7,2.6,39.2
2008,Groundfish,Wild commercial,"Arrowtooth flounders, wild",5,2,3.5
2008,Groundfish,Wild commercial,"Dogfish, wild",2.2,1,4.6
2008,Groundfish,Wild commercial,"Hake, wild",73.8,25.8,83.1
2008,Groundfish,Wild commercial,"Halibut, wild",4.8,38.5,124.4
2008,Groundfish,Wild commercial,"Lingcod, wild",2.3,5,10.7
2008,Groundfish,Wild commercial,"Other groundfish, wild",1,1.5,14.6
2008,Groundfish,Wild commercial,"Pacific cod, wild",0.4,1,2.5
2008,Groundfish,Wild commercial,"Pollock, wild",1.3,1,2.4
2008,Groundfish,Wild commercial,"Rockfish, wild",17.7,21,35.1
2008,Groundfish,Wild commercial,"Sablefish, wild",3.1,23,31.5
2008,Groundfish,Wild commercial,"Soles, wild",4.2,4,9.3
2008,Herring,Wild commercial,"Herring food & bait, wild",0.8,0.7,3
2008,Herring,Wild commercial,"Herring spawn-on-kelp, wild",0.14,3.6,4.2
2008,Herring,Wild commercial,"Roe herring, wild",10.5,11.7,41.1
2008,Invertebrates,Farmed,"Geoducks & other clams, farmed",1.3,7.2,9.9
2008,Invertebrates,Farmed,"Oysters, farmed",5.6,6.5,13.2
2008,Invertebrates,Farmed,"Scallops & other invertebrates, farmed",0.6,2.5,5.2
2008,Invertebrates,Wild commercial,"Clams (excl. geoducks), wild",0.8,2.1,3
2008,Invertebrates,Wild commercial,"Crabs, wild",6.9,37.4,60.1
2008,Invertebrates,Wild commercial,"Geoducks, wild",1.6,25.8,33.6
2008,Invertebrates,Wild commercial,"Other invertebrates, wild",0.2,0.3,2.5
2008,Invertebrates,Wild commercial,"Prawns, wild",2.4,26.3,37.3
2008,Invertebrates,Wild commercial,"Scallops, wild",0.03,0.2,0.3
2008,Invertebrates,Wild commercial,"Sea cucumbers, wild",1.5,2.9,4.7
2008,Invertebrates,Wild commercial,"Sea urchins green, wild",0.07,0.2,0.8
2008,Invertebrates,Wild commercial,"Sea urchins red, wild",1.9,2.4,7.9
2008,Invertebrates,Wild commercial,"Shrimp, wild",0.7,1.9,6.8
2008,Other seafood,Farmed,"Other, farmed",2.5,9,9.8
2008,Other seafood,Wild commercial,"Other, wild",16.2,22.6,51.2
2008,Salmon,Farmed,Atlantic,77.24,381.8,455.5
2008,Salmon,Farmed,Pacific,4.2,27.5,39.7
2008,Salmon,Wild commercial,Chinook,1,9,18.4
2008,Salmon,Wild commercial,Chum,1.7,3,18.7
2008,Salmon,Wild commercial,Coho,0.4,1.9,21.3
2008,Salmon,Wild commercial,"Other salmon products, wild",,,0.9
2008,Salmon,Wild commercial,Pink,0.4,0.2,13.3
2008,Salmon,Wild commercial,Sockeye,1.9,7.7,65.5
2007,Groundfish,Wild commercial,"Arrowtooth flounders, wild",4.5,1.5,3
2007,Groundfish,Wild commercial,"Dogfish, wild",4.1,2,6.6
2007,Groundfish,Wild commercial,"Hake, wild",73.2,22.5,60.3
2007,Groundfish,Wild commercial,"Halibut, wild",6,49.5,163.2
2007,Groundfish,Wild commercial,"Lingcod, wild",2.5,5.5,11.1
2007,Groundfish,Wild commercial,"Other groundfish, wild",1.2,1.5,10.9
2007,Groundfish,Wild commercial,"Pacific cod, wild",0.5,1,2.3
2007,Groundfish,Wild commercial,"Pollock, wild",3.2,2,4.3
2007,Groundfish,Wild commercial,"Rockfish, wild",19.1,22.5,36.3
2007,Groundfish,Wild commercial,"Sablefish, wild",3.6,23.5,29
2007,Groundfish,Wild commercial,"Soles, wild",4.4,4,11
2007,Herring,Wild commercial,"Herring food & bait, wild",1.1,0.9,4
2007,Herring,Wild commercial,"Herring spawn-on-kelp, wild",0.21,6.5,7.1
2007,Herring,Wild commercial,"Roe herring, wild",10.5,12.8,46
2007,Invertebrates,Farmed,"Clams, farmed",1.7,9.3,10.2
2007,Invertebrates,Farmed,"Oysters, farmed",7.5,8.6,17.2
2007,Invertebrates,Farmed,"Scallops & other invertebrates, farmed",0.7,3.4,5.4
2007,Invertebrates,Wild commercial,"Clams (excl. geoducks), wild",0.9,2.6,2.8
2007,Invertebrates,Wild commercial,"Crabs, wild",6.9,38.9,53.4
2007,Invertebrates,Wild commercial,"Geoducks, wild",1.6,31,38.7
2007,Invertebrates,Wild commercial,"Other invertebrates, wild",0.2,0.4,1.2
2007,Invertebrates,Wild commercial,"Prawns, wild",2.8,28.7,37.9
2007,Invertebrates,Wild commercial,"Scallops, wild",0.03,0.2,0.5
2007,Invertebrates,Wild commercial,"Sea cucumbers, wild",1.5,2.5,3.8
2007,Invertebrates,Wild commercial,"Sea urchins green, wild",0.06,0.2,1
2007,Invertebrates,Wild commercial,"Sea urchins red, wild",2.1,2.9,7.2
2007,Invertebrates,Wild commercial,"Shrimp, wild",0.8,2.8,9.1
2007,Other seafood,Farmed,"Other, farmed",1.1,5,5.6
2007,Other seafood,Wild commercial,"Other, wild",8.7,19.3,32.9
2007,Salmon,Farmed,Atlantic,73.33,352.14,420.2
2007,Salmon,Farmed,Pacific,5.55,31.96,49.1
2007,Salmon,Wild commercial,Chinook,1.4,10.5,23.8
2007,Salmon,Wild commercial,Chum,4.9,6.6,30.2
2007,Salmon,Wild commercial,Coho,0.8,2.6,19.9
2007,Salmon,Wild commercial,"Other salmon products, wild",,,0.8
2007,Salmon,Wild commercial,Pink,11.2,5.2,43.3
2007,Salmon,Wild commercial,Sockeye,1.9,6.7,64.1
2006,Groundfish,Wild commercial,"Arrowtooth flounders, wild",5.9,1.5,2.2
2006,Groundfish,Wild commercial,"Dogfish, wild",2.4,2.9,6.6
2006,Groundfish,Wild commercial,"Hake, wild",96.8,29.8,69.7
2006,Groundfish,Wild commercial,"Halibut, wild",7.2,51.8,124.9
2006,Groundfish,Wild commercial,"Lingcod, wild",2.5,5,10
2006,Groundfish,Wild commercial,"Other groundfish, wild",1.6,1.5,16.2
2006,Groundfish,Wild commercial,"Pacific cod, wild",1,1.5,3.1
2006,Groundfish,Wild commercial,"Pollock, wild",3.1,1.5,2.8
2006,Groundfish,Wild commercial,"Rockfish, wild",18.7,22,35.3
2006,Groundfish,Wild commercial,"Sablefish, wild",3.9,27,33.1
2006,Groundfish,Wild commercial,"Soles, wild",5.4,5,11.2
2006,Herring,Wild commercial,"Herring food & bait, wild",0.9,0.5,3.5
2006,Herring,Wild commercial,"Herring spawn-on-kelp, wild",0.31,4.3,5.2
2006,Herring,Wild commercial,"Roe herring, wild",22.3,13.5,51.2
2006,Invertebrates,Farmed,"Clams, farmed",1.7,8.9,11.3
2006,Invertebrates,Farmed,"Oysters, farmed",8.2,8.6,18.1
2006,Invertebrates,Farmed,"Scallops & other invertebrates, farmed",0.3,1.5,4.3
2006,Invertebrates,Wild commercial,"Clams (excl. geoducks), wild",1.1,3.3,4.2
2006,Invertebrates,Wild commercial,"Crabs, wild",4.3,23.9,43.1
2006,Invertebrates,Wild commercial,"Geoducks, wild",1.6,32.2,38.9
2006,Invertebrates,Wild commercial,"Other invertebrates, wild",0.1,0.3,0.5
2006,Invertebrates,Wild commercial,"Prawns, wild",2.4,41.1,45.2
2006,Invertebrates,Wild commercial,"Scallops, wild",0.02,0.1,0.6
2006,Invertebrates,Wild commercial,"Sea cucumbers, wild",1.5,2.6,4.7
2006,Invertebrates,Wild commercial,"Sea urchins green, wild",0.03,0.1,0.3
2006,Invertebrates,Wild commercial,"Sea urchins red, wild",3.1,4.2,9.9
2006,Invertebrates,Wild commercial,"Shrimp, wild",0.9,3,8
2006,Other seafood,Farmed,"Other, farmed",0.8,3.8,5.2
2006,Other seafood,Wild commercial,"Other, wild",7.9,18.4,38.9
2006,Salmon,Farmed,Atlantic,70.98,370.13,398.6
2006,Salmon,Farmed,Pacific,7,37.27,51.8
2006,Salmon,Wild commercial,Chinook,2,14.4,29.2
2006,Salmon,Wild commercial,Chum,9.9,10.3,51.1
2006,Salmon,Wild commercial,Coho,0.6,2.4,21.6
2006,Salmon,Wild commercial,"Other salmon products, wild",,,1.3
2006,Salmon,Wild commercial,Pink,1.4,0.5,8.5
2006,Salmon,Wild commercial,Sockeye,10.4,33.3,114
2005,Groundfish,Wild commercial,"Arrowtooth flounders, wild",16.5,3.5,6.1
2005,Groundfish,Wild commercial,"Dogfish, wild",5.4,2.9,9.4
2005,Groundfish,Wild commercial,"Hake, wild",104.2,28.4,58.4
2005,Groundfish,Wild commercial,"Halibut, wild",7.4,50.5,97
2005,Groundfish,Wild commercial,"Lingcod, wild",2.8,5.1,9.8
2005,Groundfish,Wild commercial,"Other groundfish, wild",2.2,2.2,16.6
2005,Groundfish,Wild commercial,"Pacific cod, wild",1.5,2,4.9
2005,Groundfish,Wild commercial,"Pollock, wild",1.9,0.9,2.2
2005,Groundfish,Wild commercial,"Rockfish, wild",18.2,23.8,39.1
2005,Groundfish,Wild commercial,"Sablefish, wild",4.6,31.6,37.1
2005,Groundfish,Wild commercial,"Soles, wild",5.9,5.8,12.2
2005,Herring,Wild commercial,"Herring food & bait, wild",1.4,0.9,3
2005,Herring,Wild commercial,"Herring spawn-on-kelp, wild",0.31,3.2,4.1
2005,Herring,Wild commercial,"Roe herring, wild",29.1,28.4,82
2005,Invertebrates,Farmed,"Clams, farmed",1.9,8.5,11.4
2005,Invertebrates,Farmed,"Oysters, farmed",8,8.4,15.4
2005,Invertebrates,Farmed,"Scallops & other invertebrates, farmed",0.2,1,3.4
2005,Invertebrates,Wild commercial,"Clams (excl. geoducks), wild",1.4,3.9,5.2
2005,Invertebrates,Wild commercial,"Crabs, wild",5.7,29.7,57.4
2005,Invertebrates,Wild commercial,"Geoducks, wild",1.6,32.7,36.9
2005,Invertebrates,Wild commercial,"Other invertebrates, wild",0.4,0.6,2
2005,Invertebrates,Wild commercial,"Prawns, wild",2.2,45.6,47.5
2005,Invertebrates,Wild commercial,"Scallops, wild",0.02,0.1,0.2
2005,Invertebrates,Wild commercial,"Sea cucumbers, wild",1.6,3.2,4.8
2005,Invertebrates,Wild commercial,"Sea urchins green, wild",0.03,0.1,0.3
2005,Invertebrates,Wild commercial,"Sea urchins red, wild",4.1,6.5,11.4
2005,Invertebrates,Wild commercial,"Shrimp, wild",1,3.3,6.1
2005,Other seafood,Farmed,"Other, farmed",0.4,2.6,3.1
2005,Other seafood,Wild commercial,"Other, wild",10.4,18.5,35.1
2005,Salmon,Farmed,Atlantic,53.79,252.23,293.1
2005,Salmon,Farmed,Pacific,16.63,66.1,82.7
2005,Salmon,Wild commercial,Chinook,2.1,12.6,24.9
2005,Salmon,Wild commercial,Chum,10.6,10.1,54.1
2005,Salmon,Wild commercial,Coho,1.1,3.5,24
2005,Salmon,Wild commercial,"Other salmon products, wild",,,1.2
2005,Salmon,Wild commercial,Pink,12.6,4.2,46.9
2005,Salmon,Wild commercial,Sockeye,0.9,3.8,67.5
2004,Groundfish,Wild commercial,"Arrowtooth flounders, wild",5.4,1.8,2
2004,Groundfish,Wild commercial,"Dogfish, wild",5.5,3.6,9.9
2004,Groundfish,Wild commercial,"Hake, wild",124.9,26.6,44.5
2004,Groundfish,Wild commercial,"Halibut, wild",7.3,51.4,88.3
2004,Groundfish,Wild commercial,"Lingcod, wild",2.9,5.5,9.7
2004,Groundfish,Wild commercial,"Other groundfish, wild",2.1,1.5,14.7
2004,Groundfish,Wild commercial,"Pacific cod, wild",1.3,1.8,5.1
2004,Groundfish,Wild commercial,"Pollock, wild",2.9,1.4,3.3
2004,Groundfish,Wild commercial,"Rockfish, wild",20.1,26.5,43.4
2004,Groundfish,Wild commercial,"Sablefish, wild",3,20.4,24.5
2004,Groundfish,Wild commercial,"Soles, wild",6.1,7,12.5
2004,Herring,Wild commercial,"Herring food & bait, wild",1.3,0.5,3
2004,Herring,Wild commercial,"Herring spawn-on-kelp, wild",0.4,5.6,7.6
2004,Herring,Wild commercial,"Roe herring, wild",23.8,27.9,87
2004,Invertebrates,Farmed,"Clams, farmed",1.6,7.4,11
2004,Invertebrates,Farmed,"Oysters, farmed",8.1,7.7,13.2
2004,Invertebrates,Farmed,"Scallops & other invertebrates, farmed",0.2,0.8,2.1
2004,Invertebrates,Wild commercial,"Clams (excl. geoducks), wild",1.4,4.3,6
2004,Invertebrates,Wild commercial,"Crabs, wild",9.4,46.8,67.4
2004,Invertebrates,Wild commercial,"Geoducks, wild",1.8,34.4,51.7
2004,Invertebrates,Wild commercial,"Other invertebrates, wild",0.2,0.4,2
2004,Invertebrates,Wild commercial,"Prawns, wild",2,30,33.3
2004,Invertebrates,Wild commercial,"Scallops, wild",0.04,0.2,0.5
2004,Invertebrates,Wild commercial,"Sea cucumbers, wild",1.4,2.8,5.9
2004,Invertebrates,Wild commercial,"Sea urchins green, wild",0.13,0.5,1
2004,Invertebrates,Wild commercial,"Sea urchins red, wild",4.4,7.4,15.7
2004,Invertebrates,Wild commercial,"Shrimp, wild",0.9,2.6,6.7
2004,Other seafood,Farmed,"Other, farmed",0.2,1.6,2.4
2004,Other seafood,Wild commercial,"Other, wild",14.2,28.6,41.3
2004,Salmon,Farmed,Atlantic,46.07,174.53,
2004,Salmon,Farmed,Pacific,15.76,50.65,
2004,Salmon,Farmed,"Salmon, farmed",,,287.2
2004,Salmon,Wild commercial,Chinook,2.4,14.8,26.9
2004,Salmon,Wild commercial,Chum,14.3,11.2,46.8
2004,Salmon,Wild commercial,Coho,1.2,3.9,19.3
2004,Salmon,Wild commercial,"Other salmon products, wild",,,3.4
2004,Salmon,Wild commercial,Pink,3.6,1.1,22.9
2004,Salmon,Wild commercial,Sockeye,4.4,22.2,100.8
2003,Groundfish,Wild commercial,"Arrowtooth flounders, wild",4.3,1.3,1.6
2003,Groundfish,Wild commercial,"Dogfish, wild",5.8,5.1,11.5
2003,Groundfish,Wild commercial,"Hake, wild",69.1,13.7,40.1
2003,Groundfish,Wild commercial,"Halibut, wild",7.1,49.2,106.4
2003,Groundfish,Wild commercial,"Lingcod, wild",2.8,5.4,8.3
2003,Groundfish,Wild commercial,"Other groundfish, wild",2.6,1.5,19.4
2003,Groundfish,Wild commercial,"Pacific cod, wild",0.8,1.1,3.8
2003,Groundfish,Wild commercial,"Pollock, wild",5.4,2.6,3.3
2003,Groundfish,Wild commercial,"Rockfish, wild",21.7,28.9,48.7
2003,Groundfish,Wild commercial,"Sablefish, wild",2.3,21.3,23.7
2003,Groundfish,Wild commercial,"Soles, wild",6.1,7.1,13
2003,Herring,Wild commercial,"Herring food & bait, wild",1.3,0.5,3.4
2003,Herring,Wild commercial,"Herring spawn-on-kelp, wild",0.4,9.3,11.5
2003,Herring,Wild commercial,"Roe herring, wild",28.8,35.3,94.6
2003,Invertebrates,Farmed,"Clams, farmed",1.7,8.2,11.9
2003,Invertebrates,Farmed,"Oysters, farmed",8.3,8.9,17
2003,Invertebrates,Farmed,"Scallops & other invertebrates, farmed",0.15,0.8,1.8
2003,Invertebrates,Wild commercial,"Clams (excl. geoducks), wild",1.6,5.4,7.9
2003,Invertebrates,Wild commercial,"Crabs, wild",7.2,39.1,61
2003,Invertebrates,Wild commercial,"Geoducks, wild",1.7,31.9,49
2003,Invertebrates,Wild commercial,"Other invertebrates, wild",0.4,0.7,2
2003,Invertebrates,Wild commercial,"Prawns, wild",2.4,32.8,42.5
2003,Invertebrates,Wild commercial,"Scallops, wild",0.06,0.3,0.7
2003,Invertebrates,Wild commercial,"Sea cucumbers, wild",1.4,2.1,6.5
2003,Invertebrates,Wild commercial,"Sea urchins green, wild",0.2,0.9,1.9
2003,Invertebrates,Wild commercial,"Sea urchins red, wild",4.3,7.2,14.8
2003,Invertebrates,Wild commercial,"Shrimp, wild",1.3,3.5,6.4
2003,Other seafood,Farmed,"Other, farmed",0.2,1,2.6
2003,Other seafood,Wild commercial,"Other, wild",8.4,14.9,24.4
2003,Salmon,Farmed,Atlantic,55.54,212.92,
2003,Salmon,Farmed,"Chinook salmon, farmed",15.72,36.83,
2003,Salmon,Farmed,"Coho salmon, farmed",1.42,6.05,
2003,Salmon,Farmed,"Salmon, farmed",,,302
2003,Salmon,Wild commercial,Chinook,2.2,8.2,17.3
2003,Salmon,Wild commercial,Chum,13.7,9.1,45.6
2003,Salmon,Wild commercial,Coho,0.8,2.5,14.2
2003,Salmon,Wild commercial,"Other salmon products, wild",,,2.8
2003,Salmon,Wild commercial,Pink,15.5,4.4,33.3
2003,Salmon,Wild commercial,Sockeye,6.4,24.6,75.2
2002,Groundfish,Wild commercial,"Arrowtooth flounders, wild",5.2,2.4,1.1
2002,Groundfish,Wild commercial,"Dogfish, wild",4.7,2.7,6.7
2002,Groundfish,Wild commercial,"Hake, wild",56.9,13.8,37.3
2002,Groundfish,Wild commercial,"Halibut, wild",7.3,48,71.4
2002,Groundfish,Wild commercial,"Lingcod, wild",2.7,5.2,7.9
2002,Groundfish,Wild commercial,"Other groundfish, wild",1.7,1.3,18.3
2002,Groundfish,Wild commercial,"Pacific cod, wild",0.7,1,3.4
2002,Groundfish,Wild commercial,"Pollock, wild",3.6,1,2.5
2002,Groundfish,Wild commercial,"Rockfish, wild",22.2,28,49
2002,Groundfish,Wild commercial,"Sablefish, wild",3,20.8,23.1
2002,Groundfish,Wild commercial,"Soles, wild",6.7,7.1,14.9
2002,Herring,Wild commercial,"Herring food & bait, wild",0.3,0.4,3.1
2002,Herring,Wild commercial,"Herring spawn-on-kelp, wild",0.4,10.6,12.8
2002,Herring,Wild commercial,"Roe herring, wild",26.6,37.4,113.5
2002,Invertebrates,Farmed,"Clams, farmed",1.5,7.2,11.4
2002,Invertebrates,Farmed,"Oysters, farmed",7.5,7.5,15.6
2002,Invertebrates,Farmed,"Scallops & other invertebrates, farmed",0.09,0.5,1.4
2002,Invertebrates,Wild commercial,"Clams (excl. geoducks), wild",1.9,6.4,10.2
2002,Invertebrates,Wild commercial,"Crabs, wild",4.3,29,51.7
2002,Invertebrates,Wild commercial,"Geoducks, wild",1.8,38.2,51.4
2002,Invertebrates,Wild commercial,"Other invertebrates, wild",0.6,1,2
2002,Invertebrates,Wild commercial,"Prawns, wild",1.9,19.4,32
2002,Invertebrates,Wild commercial,"Scallops, wild",0.05,0.3,1
2002,Invertebrates,Wild commercial,"Sea cucumbers, wild",1.2,1.5,6.5
2002,Invertebrates,Wild commercial,"Sea urchins green, wild",0.12,0.5,1
2002,Invertebrates,Wild commercial,"Sea urchins red, wild",4.8,8,17.7
2002,Invertebrates,Wild commercial,"Shrimp, wild",1.9,4.1,7.8
2002,Other seafood,Farmed,"Other, farmed",0.1,0.7,1.8
2002,Other seafood,Wild commercial,"Other, wild",5.8,13.3,23.3
2002,Salmon,Farmed,Atlantic,71.57,238.11,
2002,Salmon,Farmed,"Chinook salmon, farmed",10.41,41.86,
2002,Salmon,Farmed,"Coho salmon, farmed",2.26,8.94,
2002,Salmon,Farmed,Other Pacific,0.01,0.04,
2002,Salmon,Farmed,"Salmon, farmed",,,338.9
2002,Salmon,Wild commercial,Chinook,1.7,7.1,11.8
2002,Salmon,Wild commercial,Chum,12.4,6,40.4
2002,Salmon,Wild commercial,Coho,0.5,1.1,8.1
2002,Salmon,Wild commercial,"Other salmon products, wild",,,2.7
2002,Salmon,Wild commercial,Pink,8.6,2.8,32.1
2002,Salmon,Wild commercial,Sockeye,10.1,40.3,103.5
2001,Groundfish,Wild commercial,"Arrowtooth flounders, wild",8.2,2.3,5.2
2001,Groundfish,Wild commercial,"Dogfish, wild",4.5,2.8,8.1
2001,Groundfish,Wild commercial,"Hake, wild",61,13.8,29
2001,Groundfish,Wild commercial,"Halibut, wild",4.6,37.2,71.5
2001,Groundfish,Wild commercial,"Lingcod, wild",2.4,4.2,7.4
2001,Groundfish,Wild commercial,"Other groundfish, wild",1.7,0.9,12.6
2001,Groundfish,Wild commercial,"Pacific cod, wild",0.5,0.6,3.7
2001,Groundfish,Wild commercial,"Pollock, wild",1.8,1,2.8
2001,Groundfish,Wild commercial,"Rockfish, wild",21.9,32.8,45.8
2001,Groundfish,Wild commercial,"Sablefish, wild",3.6,24,26.5
2001,Groundfish,Wild commercial,"Soles, wild",5.5,5.7,11.6
2001,Herring,Wild commercial,"Herring food & bait, wild",0.2,0.2,2.5
2001,Herring,Wild commercial,"Herring spawn-on-kelp, wild",0.4,10.5,12.8
2001,Herring,Wild commercial,"Roe herring, wild",23.9,35.5,97.3
2001,Invertebrates,Farmed,"Clams, farmed",1.4,8.2,10.8
2001,Invertebrates,Farmed,"Oysters, farmed",7.4,8.5,13.7
2001,Invertebrates,Farmed,"Scallops & other invertebrates, farmed",0.11,0.5,1.1
2001,Invertebrates,Wild commercial,"Clams (excl. geoducks), wild",1.8,6.1,8.1
2001,Invertebrates,Wild commercial,"Crabs, wild",5.8,36.5,50.9
2001,Invertebrates,Wild commercial,"Geoducks, wild",1.8,39.2,60.1
2001,Invertebrates,Wild commercial,"Other invertebrates, wild",0.6,0.7,0.7
2001,Invertebrates,Wild commercial,"Prawns, wild",2,31.7,32.1
2001,Invertebrates,Wild commercial,"Scallops, wild",0.05,0.3,0.5
2001,Invertebrates,Wild commercial,"Sea cucumbers, wild",1,1.6,4.5
2001,Invertebrates,Wild commercial,"Sea urchins green, wild",0.14,0.7,1.3
2001,Invertebrates,Wild commercial,"Sea urchins red, wild",4.5,7.8,16.7
2001,Invertebrates,Wild commercial,"Shrimp, wild",2.4,4.9,7.5
2001,Other seafood,Farmed,"Other, farmed",0.1,0.5,1.3
2001,Other seafood,Wild commercial,"Other, wild",6.9,20.5,24.6
2001,Salmon,Farmed,Atlantic,58.03,216.65,
2001,Salmon,Farmed,"Chinook salmon, farmed",7.5,45.04,
2001,Salmon,Farmed,"Coho salmon, farmed",2.47,9.08,
2001,Salmon,Farmed,Other Pacific,0.03,0.11,
2001,Salmon,Farmed,"Salmon, farmed",,,323
2001,Salmon,Wild commercial,Chinook,0.7,3.1,5.1
2001,Salmon,Wild commercial,Chum,5.8,5.7,26.6
2001,Salmon,Wild commercial,Coho,0.1,0.1,5
2001,Salmon,Wild commercial,"Other salmon products, wild",,,4.2
2001,Salmon,Wild commercial,Pink,10.9,4.3,43.3
2001,Salmon,Wild commercial,Sockeye,7.2,23.9,77.7
2000,Groundfish,Wild commercial,"Arrowtooth flounders, wild",4.3,1.3,2.1
2000,Groundfish,Wild commercial,"Dogfish, wild",4.7,3.7,7.1
2000,Groundfish,Wild commercial,"Hake, wild",21.7,6.3,9.1
2000,Groundfish,Wild commercial,"Halibut, wild",4.8,42.5,61.8
2000,Groundfish,Wild commercial,"Lingcod, wild",3,6.5,6.3
2000,Groundfish,Wild commercial,"Other groundfish, wild",1.8,0.6,5
2000,Groundfish,Wild commercial,"Pacific cod, wild",0.7,1.2,3.4
2000,Groundfish,Wild commercial,"Pollock, wild",1,0.5,3.5
2000,Groundfish,Wild commercial,"Rockfish, wild",23.4,36.1,49.4
2000,Groundfish,Wild commercial,"Sablefish, wild",3.9,31.6,36
2000,Groundfish,Wild commercial,"Soles, wild",5.9,6.5,11
2000,Herring,Wild commercial,"Herring food & bait, wild",0.2,0.7,2.8
2000,Herring,Wild commercial,"Herring spawn-on-kelp, wild",0.38,10.4,12.5
2000,Herring,Wild commercial,"Roe herring, wild",27.2,39,113.8
2000,Invertebrates,Farmed,"Clams, farmed",1.1,6.1,9.6
2000,Invertebrates,Farmed,"Oysters, farmed",5.3,5.7,13
2000,Invertebrates,Farmed,"Scallops & other invertebrates, farmed",0.06,0.3,0.3
2000,Invertebrates,Wild commercial,"Clams (excl. geoducks), wild",1.6,4.9,7.7
2000,Invertebrates,Wild commercial,"Crabs, wild",2.8,20.3,35.2
2000,Invertebrates,Wild commercial,"Geoducks, wild",1.8,41.8,49.5
2000,Invertebrates,Wild commercial,"Other invertebrates, wild",0.7,0.8,1
2000,Invertebrates,Wild commercial,"Prawns, wild",1.7,33.1,40.2
2000,Invertebrates,Wild commercial,"Scallops, wild",0.05,0.3,0.3
2000,Invertebrates,Wild commercial,"Sea cucumbers, wild",1,2.3,3.2
2000,Invertebrates,Wild commercial,"Sea urchins green, wild",0.18,1,1.4
2000,Invertebrates,Wild commercial,"Sea urchins red, wild",5.3,9.3,22.7
2000,Invertebrates,Wild commercial,"Shrimp, wild",2.6,4.4,8.1
2000,Other seafood,Farmed,"Other, farmed",0.1,0.5,0.5
2000,Other seafood,Wild commercial,"Other, wild",6,16.7,23.2
2000,Salmon,Farmed,Atlantic,39.24,218.1,
2000,Salmon,Farmed,"Chinook salmon, farmed",7.99,55.42,
2000,Salmon,Farmed,"Coho salmon, farmed",2.09,8.07,
2000,Salmon,Farmed,Other Pacific,0.03,0.1,
2000,Salmon,Farmed,"Salmon, farmed",,,326
2000,Salmon,Wild commercial,Chinook,0.5,2.8,5.3
2000,Salmon,Wild commercial,Chum,2.8,3.4,34.5
2000,Salmon,Wild commercial,Coho,0.1,0.1,8.9
2000,Salmon,Wild commercial,"Other salmon products, wild",,,1.5
2000,Salmon,Wild commercial,Pink,7.1,4.7,36.5
2000,Salmon,Wild commercial,Sockeye,8.5,39.5,113.1
1999,Groundfish,Wild commercial,"Arrowtooth flounders, wild",3.6,1,1.2
1999,Groundfish,Wild commercial,"Dogfish, wild",3.4,2.1,4.4
1999,Groundfish,Wild commercial,"Hake, wild",87.5,15.3,44.9
1999,Groundfish,Wild commercial,"Halibut, wild",5.5,38.7,61.7
1999,Groundfish,Wild commercial,"Lingcod, wild",2.3,4.5,5.2
1999,Groundfish,Wild commercial,"Other groundfish, wild",1.8,0.7,3
1999,Groundfish,Wild commercial,"Pacific cod, wild",0.8,1.1,2.7
1999,Groundfish,Wild commercial,"Pollock, wild",1.2,0.4,3.3
1999,Groundfish,Wild commercial,"Rockfish, wild",23.9,33.8,43.4
1999,Groundfish,Wild commercial,"Sablefish, wild",4.3,26.8,29
1999,Groundfish,Wild commercial,"Soles, wild",5.6,6.5,10.4
1999,Herring,Wild commercial,"Herring food & bait, wild",0.2,0.4,3.4
1999,Herring,Wild commercial,"Herring spawn-on-kelp, wild",0.4,7.8,9.8
1999,Herring,Wild commercial,"Roe herring, wild",26.5,40.4,108.8
1999,Invertebrates,Farmed,"Clams, farmed",0.9,4.7,7.3
1999,Invertebrates,Farmed,"Oysters, farmed",5.6,5.7,10.6
1999,Invertebrates,Farmed,"Scallops & other invertebrates, farmed",0.04,0.1,0.2
1999,Invertebrates,Wild commercial,"Clams (excl. geoducks), wild",1.6,5.3,8.2
1999,Invertebrates,Wild commercial,"Crabs, wild",2.9,21.8,22.2
1999,Invertebrates,Wild commercial,"Geoducks, wild",1.8,33.7,55.5
1999,Invertebrates,Wild commercial,"Other invertebrates, wild",0.4,0.6,0.6
1999,Invertebrates,Wild commercial,"Prawns, wild",1.4,18.8,22.1
1999,Invertebrates,Wild commercial,"Scallops, wild",0.04,0.2,0.3
1999,Invertebrates,Wild commercial,"Sea cucumbers, wild",0.9,1.1,1.9
1999,Invertebrates,Wild commercial,"Sea urchins green, wild",0.19,1.2,1.9
1999,Invertebrates,Wild commercial,"Sea urchins red, wild",5.2,8,20.1
1999,Invertebrates,Wild commercial,"Shrimp, wild",2.6,4.4,7.5
1999,Other seafood,Farmed,"Other, farmed",0.1,0.4,0.4
1999,Other seafood,Wild commercial,"Other, wild",4.8,10.6,14.5
1999,Salmon,Farmed,Atlantic,38.78,222.98,
1999,Salmon,Farmed,"Chinook salmon, farmed",8.82,55.56,
1999,Salmon,Farmed,"Coho salmon, farmed",2.02,12,
1999,Salmon,Farmed,Other Pacific,0.02,0.06,
1999,Salmon,Farmed,"Salmon, farmed",,,333.9
1999,Salmon,Wild commercial,Chinook,0.8,4.1,6.6
1999,Salmon,Wild commercial,Chum,5,4.1,41.2
1999,Salmon,Wild commercial,Coho,0.1,0.1,5.8
1999,Salmon,Wild commercial,"Other salmon products, wild",,,0.6
1999,Salmon,Wild commercial,Pink,9.5,5.7,53.2
1999,Salmon,Wild commercial,Sockeye,1.7,12.4,63.1
1998,Groundfish,Wild commercial,"Arrowtooth flounders, wild",3.8,1.3,1.8
1998,Groundfish,Wild commercial,"Dogfish, wild",2.5,1.1,1.7
1998,Groundfish,Wild commercial,"Hake, wild",91,19.1,32.8
1998,Groundfish,Wild commercial,"Halibut, wild",5.8,30.9,70.5
1998,Groundfish,Wild commercial,"Lingcod, wild",1.9,3.2,5.9
1998,Groundfish,Wild commercial,"Other groundfish, wild",0.9,0.3,9.4
1998,Groundfish,Wild commercial,"Pacific cod, wild",1.4,1.5,4.7
1998,Groundfish,Wild commercial,"Pollock, wild",0.8,0.4,2.3
1998,Groundfish,Wild commercial,"Rockfish, wild",21.6,29.7,41.8
1998,Groundfish,Wild commercial,"Sablefish, wild",4.5,27.6,36.4
1998,Groundfish,Wild commercial,"Soles, wild",5,6.7,11.1
1998,Herring,Wild commercial,"Herring food & bait, wild",0.6,1.7,2.8
1998,Herring,Wild commercial,"Herring spawn-on-kelp, wild",0.4,8.9,8.9
1998,Herring,Wild commercial,"Roe herring, wild",32.9,26,96
1998,Invertebrates,Farmed,"Clams, farmed",0.7,3.7,6.6
1998,Invertebrates,Farmed,"Oysters, farmed",5.4,5,8.8
1998,Invertebrates,Farmed,"Scallops & other invertebrates, farmed",0.04,0.3,0.6
1998,Invertebrates,Wild commercial,"Clams (excl. geoducks), wild",1.6,5.3,9.5
1998,Invertebrates,Wild commercial,"Crabs, wild",3,21.4,25
1998,Invertebrates,Wild commercial,"Geoducks, wild",1.8,29.8,42.4
1998,Invertebrates,Wild commercial,"Other invertebrates, wild",0.7,1.1,1.2
1998,Invertebrates,Wild commercial,"Prawns, wild",1.7,19.5,24.2
1998,Invertebrates,Wild commercial,"Scallops, wild",0.06,0.3,0.6
1998,Invertebrates,Wild commercial,"Sea cucumbers, wild",0.8,1,2.2
1998,Invertebrates,Wild commercial,"Sea urchins green, wild",0.16,1,2.4
1998,Invertebrates,Wild commercial,"Sea urchins red, wild",6,9.2,18.5
1998,Invertebrates,Wild commercial,"Shrimp, wild",3.5,5.7,11
1998,Other seafood,Farmed,"Other, farmed",0.1,0.4,0.5
1998,Other seafood,Wild commercial,"Other, wild",1.5,1.5,8.2
1998,Salmon,Farmed,Atlantic,33.06,179.57,
1998,Salmon,Farmed,"Chinook salmon, farmed",6.57,39.51,
1998,Salmon,Farmed,"Coho salmon, farmed",2.3,8.66,
1998,Salmon,Farmed,Other Pacific,0.32,1.23,
1998,Salmon,Farmed,"Salmon, farmed",,,264.1
1998,Salmon,Wild commercial,Chinook,1.4,5.5,9.2
1998,Salmon,Wild commercial,Chum,19.9,12.8,57.2
1998,Salmon,Wild commercial,Coho,0.1,0.1,6.5
1998,Salmon,Wild commercial,"Other salmon products, wild",,,0.7
1998,Salmon,Wild commercial,Pink,3.9,2.8,58.7
1998,Salmon,Wild commercial,Sockeye,5.1,32.9,76
1997,Groundfish,Wild commercial,"Arrowtooth flounders, wild",2.9,1,2
1997,Groundfish,Wild commercial,"Dogfish, wild",2.1,0.9,1.4
1997,Groundfish,Wild commercial,"Hake, wild",97.3,15.9,32.2
1997,Groundfish,Wild commercial,"Halibut, wild",5.6,41.6,58.9
1997,Groundfish,Wild commercial,"Lingcod, wild",1.7,2.6,4.2
1997,Groundfish,Wild commercial,"Other groundfish, wild",1.8,0.5,9.5
1997,Groundfish,Wild commercial,"Pacific cod, wild",1.5,1.5,4.7
1997,Groundfish,Wild commercial,"Pollock, wild",1.8,0.8,3.7
1997,Groundfish,Wild commercial,"Rockfish, wild",19.9,25.4,37.9
1997,Groundfish,Wild commercial,"Sablefish, wild",4,32.6,35.7
1997,Groundfish,Wild commercial,"Soles, wild",4.3,5.3,8.9
1997,Herring,Wild commercial,"Herring food & bait, wild",0.3,0.2,1.7
1997,Herring,Wild commercial,"Herring spawn-on-kelp, wild",0.41,17.7,17.7
1997,Herring,Wild commercial,"Roe herring, wild",31.2,49,97.8
1997,Invertebrates,Farmed,"Clams, farmed",0.8,3.4,4.4
1997,Invertebrates,Farmed,"Oysters, farmed",4.9,5.1,6.3
1997,Invertebrates,Farmed,"Scallops & other invertebrates, farmed",0.02,0.2,0.4
1997,Invertebrates,Wild commercial,"Clams (excl. geoducks), wild",1.6,4.3,5.5
1997,Invertebrates,Wild commercial,"Crabs, wild",3.9,28.7,34
1997,Invertebrates,Wild commercial,"Geoducks, wild",1.8,33.3,45
1997,Invertebrates,Wild commercial,"Other invertebrates, wild",0.6,1.3,1.4
1997,Invertebrates,Wild commercial,"Prawns, wild",1.8,26.3,29.6
1997,Invertebrates,Wild commercial,"Scallops, wild",0.07,0.4,0.8
1997,Invertebrates,Wild commercial,"Sea cucumbers, wild",0.6,1,5.2
1997,Invertebrates,Wild commercial,"Sea urchins green, wild",0.16,0.9,2.2
1997,Invertebrates,Wild commercial,"Sea urchins red, wild",5.6,10.1,14.7
1997,Invertebrates,Wild commercial,"Shrimp, wild",3.4,5.9,8.2
1997,Other seafood,Farmed,"Other, farmed",0.14,0.6,0.6
1997,Other seafood,Wild commercial,"Other, wild",1.8,2.1,8
1997,Salmon,Farmed,Atlantic,30.71,144.16,
1997,Salmon,Farmed,"Chinook salmon, farmed",4.3,25.19,
1997,Salmon,Farmed,"Coho salmon, farmed",1.36,6.61,
1997,Salmon,Farmed,Other Pacific,0.07,0.23,
1997,Salmon,Farmed,"Salmon, farmed",,,229.3
1997,Salmon,Wild commercial,Chinook,1.7,5.8,7.7
1997,Salmon,Wild commercial,Chum,8.7,6.5,36.1
1997,Salmon,Wild commercial,Coho,0.8,1.8,7.2
1997,Salmon,Wild commercial,"Other salmon products, wild",,,0.6
1997,Salmon,Wild commercial,Pink,12.2,6.6,45
1997,Salmon,Wild commercial,Sockeye,25.3,89,209.6